{
  "type": "FeatureCollection",
  "features": [
    {
      "type": "Feature",
      "properties": {
        "name": "沈海高速",
        "ref": "G15",
        "highway": "motorway"
      },
      "geometry": {
        "type": "LineString",
        "coordinates": [
          [
            118.8691467,
            25.24422
          ],
          [
            118.8684383,
            25.24211
          ],
          [
            118.8657783,
            25.2331717
          ],
          [
            118.8654233,
            25.2316567
          ],
          [
            118.865235,
            25.2302183
          ],
          [
            118.86512,
            25.2283183
          ],
          [
            118.8652333,
            25.2266233
          ],
          [
            118.8654521,
            25.2252535
          ]
        ]
      }
    },
    {
      "type": "Feature",
      "properties": {
        "name": "沈海高速",
        "ref": "G15",
        "highway": "motorway"
      },
      "geometry": {
        "type": "LineString",
        "coordinates": [
          [
            118.8700554,
            25.2464686
          ],
          [
            118.8691467,
            25.24422
          ]
        ]
      }
    },
    {
      "type": "Feature",
      "properties": {
        "name": "沈海高速",
        "ref": "G15",
        "highway": "motorway"
      },
      "geometry": {
        "type": "LineString",
        "coordinates": [
          [
            118.8702201,
            25.2464352
          ],
          [
            118.8715867,
            25.2493333
          ],
          [
            118.8729433,
            25.2518067
          ],
          [
            118.874145,
            25.2537617
          ],
          [
            118.8768433,
            25.2578374
          ]
        ]
      }
    },
    {
      "type": "Feature",
      "properties": {
        "name": "沈海高速",
        "ref": "G15",
        "highway": "motorway"
      },
      "geometry": {
        "type": "LineString",
        "coordinates": [
          [
            119.0995119,
            25.4230262
          ],
          [
            119.100625,
            25.4243617
          ],
          [
            119.1019217,
            25.42575
          ],
          [
            119.1027233,
            25.42649
          ],
          [
            119.1039517,
            25.4275233
          ],
          [
            119.1061017,
            25.4290717
          ],
          [
            119.1076475,
            25.4301101
          ]
        ]
      }
    },
    {
      "type": "Feature",
      "properties": {
        "name": "沈海高速",
        "ref": "G15",
        "highway": "motorway"
      },
      "geometry": {
        "type": "LineString",
        "coordinates": [
          [
            118.8693367,
            25.244177
          ],
          [
            118.8702201,
            25.2464352
          ]
        ]
      }
    },
    {
      "type": "Feature",
      "properties": {
        "name": "沈海高速",
        "ref": "G15",
        "highway": "motorway"
      },
      "geometry": {
        "type": "LineString",
        "coordinates": [
          [
            119.0969671,
            25.4187553
          ],
          [
            119.0978951,
            25.4206005
          ],
          [
            119.0986661,
            25.4218049
          ],
          [
            119.0995119,
            25.4230262
          ]
        ]
      }
    },
    {
      "type": "Feature",
      "properties": {
        "name": "沈海高速",
        "ref": "G15",
        "highway": "motorway"
      },
      "geometry": {
        "type": "LineString",
        "coordinates": [
          [
            119.0940521,
            25.4118455
          ],
          [
            119.0946381,
            25.4132315
          ],
          [
            119.0961442,
            25.4170447
          ],
          [
            119.0968467,
            25.4187892
          ]
        ]
      }
    },
    {
      "type": "Feature",
      "properties": {
        "name": "沈海高速",
        "ref": "G15",
        "highway": "motorway"
      },
      "geometry": {
        "type": "LineString",
        "coordinates": [
          [
            119.0968467,
            25.4187892
          ],
          [
            119.0974625,
            25.4202081
          ],
          [
            119.0984036,
            25.4217557
          ],
          [
            119.099382,
            25.4231008
          ]
        ]
      }
    },
    {
      "type": "Feature",
      "properties": {
        "name": "沈海高速",
        "ref": "G15",
        "highway": "motorway"
      },
      "geometry": {
        "type": "LineString",
        "coordinates": [
          [
            119.1089104,
            25.4309584
          ],
          [
            119.110405,
            25.4320432
          ]
        ]
      }
    },
    {
      "type": "Feature",
      "properties": {
        "name": "沈海高速",
        "ref": "G15",
        "highway": "motorway"
      },
      "geometry": {
        "type": "LineString",
        "coordinates": [
          [
            119.1076475,
            25.4301101
          ],
          [
            119.1089104,
            25.4309584
          ]
        ]
      }
    },
    {
      "type": "Feature",
      "properties": {
        "name": "沈海高速",
        "ref": "G15",
        "highway": "motorway"
      },
      "geometry": {
        "type": "LineString",
        "coordinates": [
          [
            119.1075622,
            25.4302045
          ],
          [
            119.1088558,
            25.4310099
          ]
        ]
      }
    },
    {
      "type": "Feature",
      "properties": {
        "name": "沈海高速",
        "ref": "G15",
        "highway": "motorway"
      },
      "geometry": {
        "type": "LineString",
        "coordinates": [
          [
            119.099382,
            25.4231008
          ],
          [
            119.10072,
            25.4247317
          ],
          [
            119.1019117,
            25.425975
          ],
          [
            119.1040583,
            25.4278083
          ],
          [
            119.1047883,
            25.4283483
          ],
          [
            119.1051883,
            25.4285833
          ],
          [
            119.1075622,
            25.4302045
          ]
        ]
      }
    },
    {
      "type": "Feature",
      "properties": {
        "name": "秀永高速",
        "ref": "S55",
        "highway": "motorway"
      },
      "geometry": {
        "type": "LineString",
        "coordinates": [
          [
            119.047296,
            25.331688
          ],
          [
            119.0457566,
            25.3377961
          ]
        ]
      }
    },
    {
      "type": "Feature",
      "properties": {
        "name": "秀永高速",
        "ref": "S55",
        "highway": "motorway"
      },
      "geometry": {
        "type": "LineString",
        "coordinates": [
          [
            119.0456552,
            25.3376937
          ],
          [
            119.047177,
            25.3315932
          ]
        ]
      }
    },
    {
      "type": "Feature",
      "properties": {
        "name": "秀永高速",
        "ref": "S55",
        "highway": "motorway"
      },
      "geometry": {
        "type": "LineString",
        "coordinates": [
          [
            118.9767937,
            25.3999833
          ],
          [
            118.976109,
            25.4003159
          ],
          [
            118.9747464,
            25.4010622
          ],
          [
            118.9741989,
            25.401369
          ],
          [
            118.9727006,
            25.4022362
          ],
          [
            118.9717633,
            25.4027835
          ],
          [
            118.9702181,
            25.4036991
          ],
          [
            118.9694787,
            25.404112
          ],
          [
            118.969344,
            25.4041841
          ]
        ]
      }
    },
    {
      "type": "Feature",
      "properties": {
        "name": "秀永高速",
        "ref": "S55",
        "highway": "motorway"
      },
      "geometry": {
        "type": "LineString",
        "coordinates": [
          [
            118.9692821,
            25.4040946
          ],
          [
            118.9700315,
            25.4037179
          ],
          [
            118.9717209,
            25.4026961
          ],
          [
            118.9755375,
            25.4005167
          ],
          [
            118.9759663,
            25.4002874
          ],
          [
            118.9767261,
            25.3998928
          ]
        ]
      }
    },
    {
      "type": "Feature",
      "properties": {
        "name": "秀永高速",
        "ref": "S55",
        "highway": "motorway"
      },
      "geometry": {
        "type": "LineString",
        "coordinates": [
          [
            118.9767261,
            25.3998928
          ],
          [
            118.977142,
            25.3996879
          ],
          [
            118.9779477,
            25.3993954
          ],
          [
            118.9789565,
            25.3991794
          ],
          [
            118.9796009,
            25.3990778
          ],
          [
            118.9805073,
            25.3990169
          ],
          [
            118.9814044,
            25.3990507
          ],
          [
            118.9832297,
            25.3992376
          ],
          [
            118.9841506,
            25.3993499
          ],
          [
            118.984963,
            25.399363
          ],
          [
            118.9857572,
            25.3993366
          ],
          [
            118.986643,
            25.3992579
          ],
          [
            118.987447,
            25.3991023
          ],
          [
            118.9880543,
            25.3988764
          ],
          [
            118.9889699,
            25.3984366
          ],
          [
            118.9895381,
            25.3980987
          ],
          [
            118.9902158,
            25.3975713
          ],
          [
            118.9908655,
            25.3969061
          ],
          [
            118.991283,
            25.3963404
          ],
          [
            118.9916508,
            25.3957083
          ],
          [
            118.9919249,
            25.3950503
          ],
          [
            118.992157,
            25.3942573
          ],
          [
            118.99321,
            25.3887626
          ],
          [
            118.9934504,
            25.387955
          ],
          [
            118.9938181,
            25.3872227
          ],
          [
            118.9942664,
            25.3864736
          ],
          [
            118.9948401,
            25.385737
          ],
          [
            118.9955543,
            25.3851529
          ],
          [
            118.9961176,
            25.384739
          ],
          [
            118.9968497,
            25.3843435
          ],
          [
            118.9978237,
            25.383978
          ],
          [
            118.9986896,
            25.3837467
          ],
          [
            118.9995167,
            25.3836584
          ],
          [
            119.0002865,
            25.3836246
          ],
          [
            119.0010255,
            25.3836519
          ],
          [
            119.0017927,
            25.3837878
          ],
          [
            119.004017,
            25.3843419
          ],
          [
            119.0054539,
            25.3847546
          ],
          [
            119.0064,
            25.3850045
          ],
          [
            119.0073242,
            25.3851294
          ],
          [
            119.008318,
            25.3852482
          ],
          [
            119.009357,
            25.3852876
          ],
          [
            119.0102983,
            25.3852353
          ],
          [
            119.0110898,
            25.3851053
          ],
          [
            119.0121419,
            25.3847906
          ],
          [
            119.0124523,
            25.3846695
          ],
          [
            119.0131016,
            25.3843306
          ],
          [
            119.0137659,
            25.3839
          ],
          [
            119.0144509,
            25.3833268
          ],
          [
            119.0150823,
            25.382612
          ],
          [
            119.0164963,
            25.3808289
          ],
          [
            119.0172972,
            25.3799311
          ],
          [
            119.0181722,
            25.3790802
          ],
          [
            119.0192541,
            25.3781362
          ],
          [
            119.0204138,
            25.3773519
          ],
          [
            119.0226111,
            25.3758977
          ],
          [
            119.0275885,
            25.372883
          ],
          [
            119.0284021,
            25.3723021
          ],
          [
            119.0290818,
            25.3717182
          ],
          [
            119.029631,
            25.3711343
          ],
          [
            119.0300729,
            25.3705384
          ],
          [
            119.030468,
            25.3699514
          ],
          [
            119.030823,
            25.3692556
          ],
          [
            119.0311009,
            25.3685749
          ],
          [
            119.0312044,
            25.3682363
          ],
          [
            119.0313821,
            25.3676551
          ],
          [
            119.0316065,
            25.3667263
          ],
          [
            119.0318375,
            25.3657642
          ],
          [
            119.0320819,
            25.3646327
          ],
          [
            119.032544,
            25.3626389
          ],
          [
            119.0328332,
            25.3614591
          ],
          [
            119.0331333,
            25.3605261
          ],
          [
            119.0336265,
            25.3593553
          ],
          [
            119.0340657,
            25.3585011
          ],
          [
            119.0355924,
            25.3560151
          ],
          [
            119.0356282,
            25.3559569
          ]
        ]
      }
    },
    {
      "type": "Feature",
      "properties": {
        "name": "秀永高速",
        "ref": "S55",
        "highway": "motorway"
      },
      "geometry": {
        "type": "LineString",
        "coordinates": [
          [
            119.0457566,
            25.3377961
          ],
          [
            119.0452094,
            25.3399276
          ],
          [
            119.0448895,
            25.3407808
          ],
          [
            119.0447461,
            25.3411631
          ],
          [
            119.0443276,
            25.3420867
          ],
          [
            119.0438071,
            25.3431101
          ],
          [
            119.0424668,
            25.3452665
          ],
          [
            119.0413019,
            25.347123
          ],
          [
            119.0408432,
            25.347854
          ],
          [
            119.040226,
            25.3488591
          ]
        ]
      }
    },
    {
      "type": "Feature",
      "properties": {
        "name": "秀永高速",
        "ref": "S55",
        "highway": "motorway"
      },
      "geometry": {
        "type": "LineString",
        "coordinates": [
          [
            118.5648855,
            25.3818812
          ],
          [
            118.5636444,
            25.3818508
          ],
          [
            118.562314,
            25.3818895
          ],
          [
            118.5608763,
            25.3821803
          ],
          [
            118.5586415,
            25.3830391
          ],
          [
            118.556882,
            25.3837564
          ],
          [
            118.5548253,
            25.3843516
          ],
          [
            118.5532589,
            25.3846617
          ],
          [
            118.5523362,
            25.3847781
          ],
          [
            118.5512418,
            25.3848556
          ],
          [
            118.5497183,
            25.3849138
          ],
          [
            118.548345,
            25.3848944
          ],
          [
            118.5468215,
            25.3847199
          ],
          [
            118.5452551,
            25.3843516
          ],
          [
            118.5436887,
            25.3837894
          ],
          [
            118.5417114,
            25.382632
          ],
          [
            118.5405956,
            25.3818566
          ],
          [
            118.5391794,
            25.3809454
          ],
          [
            118.5383029,
            25.3802998
          ],
          [
            118.5374016,
            25.379757
          ],
          [
            118.5366935,
            25.3793499
          ]
        ]
      }
    },
    {
      "type": "Feature",
      "properties": {
        "name": "秀永高速",
        "ref": "S55",
        "highway": "motorway"
      },
      "geometry": {
        "type": "LineString",
        "coordinates": [
          [
            118.5317222,
            25.3778962
          ],
          [
            118.5339842,
            25.3781512
          ],
          [
            118.5354434,
            25.3785473
          ],
          [
            118.5368148,
            25.3791776
          ]
        ]
      }
    },
    {
      "type": "Feature",
      "properties": {
        "name": "秀永高速",
        "ref": "S55",
        "highway": "motorway"
      },
      "geometry": {
        "type": "LineString",
        "coordinates": [
          [
            118.5366935,
            25.3793499
          ],
          [
            118.5353353,
            25.378824
          ],
          [
            118.5339122,
            25.3784605
          ],
          [
            118.5316762,
            25.3781813
          ]
        ]
      }
    },
    {
      "type": "Feature",
      "properties": {
        "name": "秀永高速",
        "ref": "S55",
        "highway": "motorway"
      },
      "geometry": {
        "type": "LineString",
        "coordinates": [
          [
            118.5368148,
            25.3791776
          ],
          [
            118.537525,
            25.3795859
          ],
          [
            118.5384372,
            25.3801354
          ],
          [
            118.5393165,
            25.380783
          ],
          [
            118.5407301,
            25.3816925
          ],
          [
            118.5418419,
            25.3824652
          ],
          [
            118.5437929,
            25.3836071
          ],
          [
            118.5453256,
            25.3841572
          ],
          [
            118.5468644,
            25.384519
          ],
          [
            118.5483611,
            25.3846904
          ],
          [
            118.5497153,
            25.3847095
          ],
          [
            118.5512282,
            25.3846518
          ],
          [
            118.5523117,
            25.384575
          ],
          [
            118.553219,
            25.3844606
          ],
          [
            118.5547665,
            25.3841542
          ],
          [
            118.5568008,
            25.3835655
          ],
          [
            118.5585508,
            25.3828521
          ],
          [
            118.5608068,
            25.3819852
          ],
          [
            118.5622854,
            25.3816861
          ],
          [
            118.5636449,
            25.3816465
          ],
          [
            118.5648721,
            25.3816634
          ]
        ]
      }
    },
    {
      "type": "Feature",
      "properties": {
        "name": "秀永高速",
        "ref": "S55",
        "highway": "motorway"
      },
      "geometry": {
        "type": "LineString",
        "coordinates": [
          [
            118.9569268,
            25.408072
          ],
          [
            118.9509163,
            25.4072016
          ],
          [
            118.9471205,
            25.4064646
          ],
          [
            118.9442291,
            25.4050928
          ],
          [
            118.942239,
            25.4030433
          ],
          [
            118.9403533,
            25.3997571
          ],
          [
            118.9391931,
            25.39819
          ],
          [
            118.9387144,
            25.3977296
          ],
          [
            118.9384553,
            25.3975056
          ]
        ]
      }
    },
    {
      "type": "Feature",
      "properties": {
        "name": "秀永高速",
        "ref": "S55",
        "highway": "motorway"
      },
      "geometry": {
        "type": "LineString",
        "coordinates": [
          [
            118.5072721,
            25.3920621
          ],
          [
            118.5077249,
            25.3919957
          ],
          [
            118.5086403,
            25.3916901
          ],
          [
            118.5097788,
            25.3910435
          ],
          [
            118.5107771,
            25.3901785
          ],
          [
            118.5116391,
            25.3890958
          ],
          [
            118.5132638,
            25.387152
          ],
          [
            118.5150819,
            25.3859601
          ],
          [
            118.5188759,
            25.3840985
          ],
          [
            118.5221299,
            25.3825258
          ],
          [
            118.5233147,
            25.3816773
          ],
          [
            118.5247927,
            25.3803854
          ],
          [
            118.5265678,
            25.3789982
          ],
          [
            118.5270022,
            25.3787096
          ],
          [
            118.5277375,
            25.3785304
          ],
          [
            118.5286402,
            25.378265
          ],
          [
            118.5303637,
            25.3779556
          ],
          [
            118.5317222,
            25.3778962
          ]
        ]
      }
    },
    {
      "type": "Feature",
      "properties": {
        "name": "秀永高速",
        "ref": "S55",
        "highway": "motorway"
      },
      "geometry": {
        "type": "LineString",
        "coordinates": [
          [
            118.5316762,
            25.3781813
          ],
          [
            118.5303458,
            25.3782395
          ],
          [
            118.5286721,
            25.37854
          ],
          [
            118.5277816,
            25.3788017
          ],
          [
            118.5271057,
            25.3789665
          ],
          [
            118.5267409,
            25.3792088
          ],
          [
            118.5249851,
            25.3805809
          ],
          [
            118.5235014,
            25.3818779
          ],
          [
            118.522275,
            25.3827561
          ],
          [
            118.518992,
            25.3843428
          ],
          [
            118.5152208,
            25.3861932
          ],
          [
            118.5134688,
            25.3873418
          ],
          [
            118.5118809,
            25.3892416
          ],
          [
            118.5110012,
            25.3903465
          ],
          [
            118.5099498,
            25.3912576
          ],
          [
            118.5087449,
            25.3919419
          ],
          [
            118.5077579,
            25.3922715
          ],
          [
            118.5072686,
            25.3923432
          ]
        ]
      }
    },
    {
      "type": "Feature",
      "properties": {
        "name": "秀永高速",
        "ref": "S55",
        "highway": "motorway"
      },
      "geometry": {
        "type": "LineString",
        "coordinates": [
          [
            118.503384,
            25.3929248
          ],
          [
            118.4985856,
            25.3934506
          ],
          [
            118.4951493,
            25.3937864
          ],
          [
            118.4907199,
            25.3938153
          ]
        ]
      }
    },
    {
      "type": "Feature",
      "properties": {
        "name": "秀永高速",
        "ref": "S55",
        "highway": "motorway"
      },
      "geometry": {
        "type": "LineString",
        "coordinates": [
          [
            118.4919095,
            25.3935654
          ],
          [
            118.495145,
            25.3936006
          ],
          [
            118.4985684,
            25.3932403
          ],
          [
            118.5033495,
            25.3927495
          ]
        ]
      }
    },
    {
      "type": "Feature",
      "properties": {
        "name": "秀永高速",
        "ref": "S55",
        "highway": "motorway"
      },
      "geometry": {
        "type": "LineString",
        "coordinates": [
          [
            118.5072686,
            25.3923432
          ],
          [
            118.503384,
            25.3929248
          ]
        ]
      }
    },
    {
      "type": "Feature",
      "properties": {
        "name": "秀永高速",
        "ref": "S55",
        "highway": "motorway"
      },
      "geometry": {
        "type": "LineString",
        "coordinates": [
          [
            118.5033495,
            25.3927495
          ],
          [
            118.5072721,
            25.3920621
          ]
        ]
      }
    },
    {
      "type": "Feature",
      "properties": {
        "name": "秀永高速",
        "ref": "S55",
        "highway": "motorway"
      },
      "geometry": {
        "type": "LineString",
        "coordinates": [
          [
            118.7843896,
            25.3894027
          ],
          [
            118.785017,
            25.3892863
          ],
          [
            118.7868798,
            25.3888017
          ],
          [
            118.7876459,
            25.3885091
          ],
          [
            118.7888577,
            25.3880982
          ]
        ]
      }
    },
    {
      "type": "Feature",
      "properties": {
        "name": "秀永高速",
        "ref": "S55",
        "highway": "motorway"
      },
      "geometry": {
        "type": "LineString",
        "coordinates": [
          [
            119.0488329,
            25.3247004
          ],
          [
            119.0492431,
            25.3215221
          ],
          [
            119.0493589,
            25.3188054
          ],
          [
            119.0493709,
            25.3147426
          ],
          [
            119.0495268,
            25.3133332
          ],
          [
            119.0499567,
            25.3119814
          ],
          [
            119.0507014,
            25.3107735
          ],
          [
            119.0516731,
            25.3097572
          ],
          [
            119.0536147,
            25.3079324
          ],
          [
            119.0544215,
            25.3069109
          ],
          [
            119.0550517,
            25.3057745
          ],
          [
            119.0554424,
            25.3046613
          ],
          [
            119.0556572,
            25.3035132
          ],
          [
            119.0564245,
            25.2975748
          ],
          [
            119.0566159,
            25.2953631
          ],
          [
            119.0566159,
            25.2943653
          ],
          [
            119.0565279,
            25.29343
          ],
          [
            119.0563497,
            25.2924915
          ],
          [
            119.0552785,
            25.2885068
          ],
          [
            119.0551818,
            25.2883015
          ],
          [
            119.0552591,
            25.2863736
          ],
          [
            119.0553629,
            25.2852199
          ],
          [
            119.0556089,
            25.284073
          ],
          [
            119.0560102,
            25.2829246
          ],
          [
            119.0571242,
            25.2805274
          ],
          [
            119.0575802,
            25.2793723
          ],
          [
            119.0578325,
            25.2781245
          ],
          [
            119.0579087,
            25.2767395
          ],
          [
            119.0577299,
            25.2739747
          ],
          [
            119.0577038,
            25.27259
          ],
          [
            119.0577814,
            25.2711756
          ],
          [
            119.0580266,
            25.2698309
          ],
          [
            119.0582266,
            25.269085
          ],
          [
            119.058363,
            25.2685761
          ],
          [
            119.0589058,
            25.2673211
          ],
          [
            119.0594988,
            25.2661379
          ],
          [
            119.0602232,
            25.2650691
          ],
          [
            119.0610863,
            25.2639937
          ],
          [
            119.0614334,
            25.2636014
          ],
          [
            119.0691256,
            25.2549092
          ],
          [
            119.0700156,
            25.2538653
          ],
          [
            119.0707376,
            25.2527604
          ],
          [
            119.0713209,
            25.2516196
          ],
          [
            119.0717779,
            25.2504463
          ],
          [
            119.0733253,
            25.2456003
          ],
          [
            119.0739467,
            25.2436122
          ],
          [
            119.0742307,
            25.2427871
          ],
          [
            119.0744398,
            25.241192
          ]
        ]
      }
    },
    {
      "type": "Feature",
      "properties": {
        "name": "沈海高速",
        "ref": "G15",
        "highway": "motorway"
      },
      "geometry": {
        "type": "LineString",
        "coordinates": [
          [
            119.2057115,
            25.4813767
          ],
          [
            119.2086693,
            25.4824071
          ]
        ]
      }
    },
    {
      "type": "Feature",
      "properties": {
        "name": "沈海高速",
        "ref": "G15",
        "highway": "motorway"
      },
      "geometry": {
        "type": "LineString",
        "coordinates": [
          [
            119.2086644,
            25.4826682
          ],
          [
            119.2057443,
            25.4816789
          ]
        ]
      }
    },
    {
      "type": "Feature",
      "properties": {
        "name": "沈海高速",
        "ref": "G15",
        "highway": "motorway"
      },
      "geometry": {
        "type": "LineString",
        "coordinates": [
          [
            119.1550291,
            25.4529743
          ],
          [
            119.154065,
            25.452405
          ],
          [
            119.151995,
            25.4513417
          ],
          [
            119.1501167,
            25.4504617
          ],
          [
            119.1479767,
            25.4495583
          ],
          [
            119.146695,
            25.44906
          ],
          [
            119.144625,
            25.4483317
          ],
          [
            119.1416484,
            25.4471607
          ],
          [
            119.1413333,
            25.4470367
          ],
          [
            119.1388269,
            25.4461449
          ],
          [
            119.1353933,
            25.4449233
          ]
        ]
      }
    },
    {
      "type": "Feature",
      "properties": {
        "name": "秀永高速",
        "ref": "S55",
        "highway": "motorway"
      },
      "geometry": {
        "type": "LineString",
        "coordinates": [
          [
            118.4907199,
            25.3938153
          ],
          [
            118.4858739,
            25.3937393
          ],
          [
            118.4776539,
            25.3932656
          ],
          [
            118.4728991,
            25.3929067
          ],
          [
            118.4676299,
            25.392342
          ],
          [
            118.4627526,
            25.3916355
          ],
          [
            118.4570432,
            25.3905165
          ],
          [
            118.4524245,
            25.3891988
          ],
          [
            118.449567,
            25.3879982
          ]
        ]
      }
    },
    {
      "type": "Feature",
      "properties": {
        "name": "沈海高速",
        "ref": "G15",
        "highway": "motorway"
      },
      "geometry": {
        "type": "LineString",
        "coordinates": [
          [
            119.1353933,
            25.4449233
          ],
          [
            119.1325772,
            25.4439043
          ],
          [
            119.1249799,
            25.4410029
          ],
          [
            119.1248303,
            25.4409342
          ],
          [
            119.1246808,
            25.4408654
          ],
          [
            119.1219771,
            25.4396027
          ],
          [
            119.1174173,
            25.437074
          ],
          [
            119.1167483,
            25.4366949
          ]
        ]
      }
    },
    {
      "type": "Feature",
      "properties": {
        "name": "秀永高速",
        "ref": "S55",
        "highway": "motorway"
      },
      "geometry": {
        "type": "LineString",
        "coordinates": [
          [
            118.5949878,
            25.3798838
          ],
          [
            118.595829,
            25.3795468
          ],
          [
            118.5968787,
            25.3790629
          ],
          [
            118.5979121,
            25.3784668
          ],
          [
            118.5990479,
            25.3776056
          ],
          [
            118.6001197,
            25.376953
          ],
          [
            118.6009392,
            25.3765838
          ],
          [
            118.601749,
            25.3763065
          ],
          [
            118.602445,
            25.3761064
          ],
          [
            118.6032754,
            25.3759492
          ],
          [
            118.6042323,
            25.3758992
          ],
          [
            118.6050628,
            25.3759206
          ],
          [
            118.6058457,
            25.3760349
          ],
          [
            118.6066919,
            25.3762422
          ],
          [
            118.6075381,
            25.3765566
          ],
          [
            118.608329,
            25.3769781
          ],
          [
            118.6090329,
            25.3774283
          ],
          [
            118.609713,
            25.3779928
          ],
          [
            118.6114845,
            25.3797934
          ],
          [
            118.6120619,
            25.3803436
          ],
          [
            118.6127266,
            25.3808573
          ],
          [
            118.6134434,
            25.3813761
          ]
        ]
      }
    },
    {
      "type": "Feature",
      "properties": {
        "name": "秀永高速",
        "ref": "S55",
        "highway": "motorway"
      },
      "geometry": {
        "type": "LineString",
        "coordinates": [
          [
            118.7456,
            25.3815632
          ],
          [
            118.7441373,
            25.3817354
          ],
          [
            118.7430965,
            25.3818451
          ],
          [
            118.7421932,
            25.3819231
          ],
          [
            118.7417525,
            25.3819499
          ],
          [
            118.7410345,
            25.3819741
          ],
          [
            118.7400931,
            25.3819765
          ],
          [
            118.7392597,
            25.3819625
          ],
          [
            118.7373412,
            25.3818689
          ],
          [
            118.736333,
            25.3818269
          ],
          [
            118.7344837,
            25.3817979
          ],
          [
            118.7342136,
            25.3817937
          ],
          [
            118.7335934,
            25.3818266
          ],
          [
            118.732945,
            25.3819019
          ],
          [
            118.7321432,
            25.3820462
          ],
          [
            118.731302,
            25.3822644
          ],
          [
            118.7307881,
            25.3824246
          ],
          [
            118.7301633,
            25.3826785
          ],
          [
            118.7292022,
            25.3831112
          ]
        ]
      }
    },
    {
      "type": "Feature",
      "properties": {
        "name": "秀永高速",
        "ref": "S55",
        "highway": "motorway"
      },
      "geometry": {
        "type": "LineString",
        "coordinates": [
          [
            119.0387324,
            25.350983
          ],
          [
            119.0400892,
            25.3487884
          ]
        ]
      }
    },
    {
      "type": "Feature",
      "properties": {
        "name": "秀永高速",
        "ref": "S55",
        "highway": "motorway"
      },
      "geometry": {
        "type": "LineString",
        "coordinates": [
          [
            119.0400892,
            25.3487884
          ],
          [
            119.0407174,
            25.3477903
          ],
          [
            119.0411819,
            25.34705
          ],
          [
            119.04141,
            25.3466866
          ],
          [
            119.0422474,
            25.345352
          ],
          [
            119.0423412,
            25.3452024
          ],
          [
            119.0436785,
            25.3430509
          ],
          [
            119.0441953,
            25.3420348
          ],
          [
            119.044611,
            25.3411175
          ],
          [
            119.0447304,
            25.3407992
          ],
          [
            119.0450706,
            25.3398919
          ],
          [
            119.0456552,
            25.3376937
          ]
        ]
      }
    },
    {
      "type": "Feature",
      "properties": {
        "name": "秀永高速",
        "ref": "S55",
        "highway": "motorway"
      },
      "geometry": {
        "type": "LineString",
        "coordinates": [
          [
            119.040226,
            25.3488591
          ],
          [
            119.0388589,
            25.3510473
          ]
        ]
      }
    },
    {
      "type": "Feature",
      "properties": {
        "name": "秀永高速",
        "ref": "S55",
        "highway": "motorway"
      },
      "geometry": {
        "type": "LineString",
        "coordinates": [
          [
            119.0351368,
            25.3570256
          ],
          [
            119.0341943,
            25.3585602
          ],
          [
            119.0337599,
            25.3594052
          ],
          [
            119.0332839,
            25.3605633
          ],
          [
            119.0329592,
            25.3614801
          ],
          [
            119.0326628,
            25.3625923
          ],
          [
            119.0317337,
            25.3666265
          ],
          [
            119.0314926,
            25.3676824
          ],
          [
            119.031275,
            25.3683903
          ],
          [
            119.0309636,
            25.3691769
          ],
          [
            119.0306355,
            25.3698607
          ],
          [
            119.0301814,
            25.3705628
          ],
          [
            119.0297448,
            25.3711555
          ],
          [
            119.0292727,
            25.3716698
          ],
          [
            119.0285173,
            25.3723658
          ],
          [
            119.0277425,
            25.3729042
          ],
          [
            119.0226931,
            25.3760049
          ],
          [
            119.0204902,
            25.3774292
          ],
          [
            119.0193502,
            25.3782335
          ],
          [
            119.0182752,
            25.3791715
          ],
          [
            119.0174063,
            25.3800164
          ],
          [
            119.0166111,
            25.3809078
          ],
          [
            119.0151974,
            25.3826906
          ],
          [
            119.0145568,
            25.3834157
          ],
          [
            119.0138573,
            25.3840012
          ],
          [
            119.0131799,
            25.3844402
          ],
          [
            119.0125172,
            25.3847861
          ],
          [
            119.0121932,
            25.3849125
          ],
          [
            119.0111256,
            25.3852318
          ],
          [
            119.0103156,
            25.3853649
          ],
          [
            119.0093584,
            25.3854181
          ],
          [
            119.0083055,
            25.3853782
          ],
          [
            119.0073041,
            25.3852584
          ],
          [
            119.006369,
            25.385132
          ],
          [
            119.0054118,
            25.3848792
          ],
          [
            119.003976,
            25.3844668
          ],
          [
            119.0017597,
            25.3839147
          ],
          [
            119.0010086,
            25.3837816
          ],
          [
            119.000287,
            25.383755
          ],
          [
            118.9995286,
            25.3837883
          ],
          [
            118.9987187,
            25.3838748
          ],
          [
            118.9978719,
            25.3841009
          ],
          [
            118.9969147,
            25.3844602
          ],
          [
            118.9962005,
            25.384846
          ],
          [
            118.9956483,
            25.3852518
          ],
          [
            118.9949488,
            25.3858239
          ],
          [
            118.9943892,
            25.3865423
          ],
          [
            118.9939474,
            25.3872807
          ],
          [
            118.9935866,
            25.3879991
          ],
          [
            118.993351,
            25.3887907
          ],
          [
            118.9932845,
            25.3891375
          ],
          [
            118.992298,
            25.3942851
          ],
          [
            118.9920624,
            25.39509
          ],
          [
            118.9917826,
            25.3957618
          ],
          [
            118.9914071,
            25.396407
          ],
          [
            118.9913024,
            25.3965489
          ],
          [
            118.99098,
            25.3969857
          ],
          [
            118.9903174,
            25.3976641
          ],
          [
            118.9896252,
            25.3982029
          ],
          [
            118.9890435,
            25.3985488
          ],
          [
            118.9881158,
            25.3989944
          ],
          [
            118.9874899,
            25.3992272
          ],
          [
            118.9866652,
            25.3993869
          ],
          [
            118.9857669,
            25.3994667
          ],
          [
            118.9849644,
            25.3994933
          ],
          [
            118.9841397,
            25.39948
          ],
          [
            118.9832119,
            25.3993669
          ],
          [
            118.9813932,
            25.3991807
          ],
          [
            118.9805097,
            25.3991474
          ],
          [
            118.9796187,
            25.3992073
          ],
          [
            118.9789855,
            25.399307
          ],
          [
            118.9779915,
            25.3995199
          ],
          [
            118.9772036,
            25.3998059
          ],
          [
            118.9767937,
            25.3999833
          ]
        ]
      }
    },
    {
      "type": "Feature",
      "properties": {
        "name": "沈海高速",
        "ref": "G15",
        "highway": "motorway"
      },
      "geometry": {
        "type": "LineString",
        "coordinates": [
          [
            119.0433405,
            25.3529034
          ],
          [
            119.043905,
            25.3533017
          ],
          [
            119.04644,
            25.3552567
          ],
          [
            119.054555,
            25.36175
          ],
          [
            119.055695,
            25.362745
          ],
          [
            119.0577933,
            25.3648467
          ],
          [
            119.0591606,
            25.3666519
          ],
          [
            119.0610172,
            25.3691229
          ],
          [
            119.0627524,
            25.3716
          ]
        ]
      }
    },
    {
      "type": "Feature",
      "properties": {
        "name": "沈海高速",
        "ref": "G15",
        "highway": "motorway"
      },
      "geometry": {
        "type": "LineString",
        "coordinates": [
          [
            119.042447,
            25.3523115
          ],
          [
            119.0433405,
            25.3529034
          ]
        ]
      }
    },
    {
      "type": "Feature",
      "properties": {
        "name": "沈海高速",
        "ref": "G15",
        "highway": "motorway"
      },
      "geometry": {
        "type": "LineString",
        "coordinates": [
          [
            119.043297,
            25.3531364
          ],
          [
            119.042403,
            25.3525494
          ]
        ]
      }
    },
    {
      "type": "Feature",
      "properties": {
        "name": "沈海高速",
        "ref": "G15",
        "highway": "motorway"
      },
      "geometry": {
        "type": "LineString",
        "coordinates": [
          [
            118.9715274,
            25.298678
          ],
          [
            118.9673333,
            25.2997417
          ],
          [
            118.96595,
            25.3000233
          ],
          [
            118.9645683,
            25.3001733
          ],
          [
            118.9636532,
            25.3002025
          ],
          [
            118.9627987,
            25.3001621
          ],
          [
            118.9619367,
            25.30002
          ],
          [
            118.9606903,
            25.299755
          ],
          [
            118.95939,
            25.2993233
          ],
          [
            118.9570733,
            25.298455
          ],
          [
            118.94354,
            25.2936133
          ],
          [
            118.9417183,
            25.2929067
          ],
          [
            118.93952,
            25.2919717
          ],
          [
            118.9356117,
            25.2901167
          ],
          [
            118.9297217,
            25.28701
          ],
          [
            118.9270483,
            25.2856667
          ],
          [
            118.921395,
            25.28263
          ],
          [
            118.9188733,
            25.2813283
          ],
          [
            118.9142883,
            25.2791483
          ],
          [
            118.9122933,
            25.278325
          ],
          [
            118.9085761,
            25.2769509
          ],
          [
            118.9061717,
            25.2762433
          ],
          [
            118.9031417,
            25.2754633
          ],
          [
            118.8952117,
            25.2737833
          ],
          [
            118.8932912,
            25.2732693
          ]
        ]
      }
    },
    {
      "type": "Feature",
      "properties": {
        "name": "甬莞高速",
        "ref": "G1523",
        "highway": "motorway"
      },
      "geometry": {
        "type": "LineString",
        "coordinates": [
          [
            118.7128647,
            25.5823611
          ],
          [
            118.7131452,
            25.5830902
          ],
          [
            118.7133819,
            25.5838104
          ],
          [
            118.7136233,
            25.584382
          ],
          [
            118.713872,
            25.5848324
          ],
          [
            118.7142566,
            25.5854043
          ],
          [
            118.7147691,
            25.5861227
          ],
          [
            118.715716,
            25.5872766
          ],
          [
            118.7161046,
            25.5876879
          ],
          [
            118.7166389,
            25.5882297
          ],
          [
            118.7169664,
            25.5887939
          ],
          [
            118.7172452,
            25.5893601
          ],
          [
            118.7175707,
            25.5900054
          ],
          [
            118.7179481,
            25.5907061
          ],
          [
            118.7181567,
            25.591451
          ],
          [
            118.718293,
            25.5920808
          ],
          [
            118.7183866,
            25.5928411
          ],
          [
            118.7183782,
            25.593618
          ],
          [
            118.7182955,
            25.5943787
          ],
          [
            118.7181635,
            25.5951117
          ],
          [
            118.7180052,
            25.5957591
          ],
          [
            118.7176832,
            25.5967017
          ],
          [
            118.7173454,
            25.59743
          ],
          [
            118.7168703,
            25.5981963
          ]
        ]
      }
    },
    {
      "type": "Feature",
      "properties": {
        "name": "甬莞高速",
        "ref": "G1523",
        "highway": "motorway"
      },
      "geometry": {
        "type": "LineString",
        "coordinates": [
          [
            118.720063,
            25.6272448
          ],
          [
            118.721114,
            25.6287382
          ],
          [
            118.7223597,
            25.6310843
          ],
          [
            118.723125,
            25.6329593
          ],
          [
            118.7237531,
            25.6347486
          ],
          [
            118.7242493,
            25.6365949
          ],
          [
            118.7248668,
            25.6399259
          ],
          [
            118.725231,
            25.6422099
          ],
          [
            118.7254527,
            25.6435994
          ],
          [
            118.7256797,
            25.6446843
          ],
          [
            118.7261547,
            25.6460213
          ]
        ]
      }
    },
    {
      "type": "Feature",
      "properties": {
        "name": "甬莞高速",
        "ref": "G1523",
        "highway": "motorway"
      },
      "geometry": {
        "type": "LineString",
        "coordinates": [
          [
            118.7093806,
            25.6059361
          ],
          [
            118.7090533,
            25.60665
          ],
          [
            118.7088739,
            25.6073497
          ],
          [
            118.7087313,
            25.608711
          ],
          [
            118.7088369,
            25.6101389
          ],
          [
            118.7092275,
            25.611643
          ],
          [
            118.7099559,
            25.6130566
          ],
          [
            118.7106209,
            25.6140465
          ],
          [
            118.712215,
            25.6162264
          ],
          [
            118.713714,
            25.6182967
          ],
          [
            118.7153397,
            25.6205098
          ],
          [
            118.7165589,
            25.6221802
          ],
          [
            118.7177571,
            25.6238555
          ],
          [
            118.7190027,
            25.625564
          ],
          [
            118.7197914,
            25.6267847
          ]
        ]
      }
    },
    {
      "type": "Feature",
      "properties": {
        "name": "甬莞高速",
        "ref": "G1523",
        "highway": "motorway"
      },
      "geometry": {
        "type": "LineString",
        "coordinates": [
          [
            118.7255421,
            25.6453584
          ],
          [
            118.7252473,
            25.6445071
          ],
          [
            118.724986,
            25.6433733
          ],
          [
            118.7247733,
            25.6421754
          ],
          [
            118.7245717,
            25.6409339
          ],
          [
            118.7243627,
            25.6396182
          ],
          [
            118.724135,
            25.6382589
          ],
          [
            118.7238775,
            25.6370038
          ],
          [
            118.7235827,
            25.6358429
          ],
          [
            118.7232654,
            25.6347729
          ],
          [
            118.7229258,
            25.6338038
          ],
          [
            118.722463,
            25.6325083
          ],
          [
            118.721933,
            25.6312532
          ],
          [
            118.7212948,
            25.6299576
          ],
          [
            118.7207126,
            25.6288876
          ],
          [
            118.7198678,
            25.6275784
          ]
        ]
      }
    },
    {
      "type": "Feature",
      "properties": {
        "name": "甬莞高速",
        "ref": "G1523",
        "highway": "motorway"
      },
      "geometry": {
        "type": "LineString",
        "coordinates": [
          [
            118.7195742,
            25.627057
          ],
          [
            118.7186822,
            25.6257244
          ],
          [
            118.7178872,
            25.6246475
          ],
          [
            118.7169355,
            25.623325
          ],
          [
            118.7161219,
            25.622164
          ],
          [
            118.7151627,
            25.6207775
          ],
          [
            118.7140915,
            25.619327
          ],
          [
            118.7129233,
            25.6176612
          ],
          [
            118.7121844,
            25.6166213
          ],
          [
            118.7110721,
            25.6151035
          ],
          [
            118.7105571,
            25.6144203
          ],
          [
            118.7102548,
            25.6139458
          ],
          [
            118.7098741,
            25.6134544
          ],
          [
            118.7096166,
            25.6131582
          ],
          [
            118.7089485,
            25.6117784
          ],
          [
            118.708523,
            25.6102773
          ],
          [
            118.7083476,
            25.6087628
          ],
          [
            118.7084932,
            25.607292
          ],
          [
            118.7086798,
            25.6065617
          ],
          [
            118.7091202,
            25.6054342
          ],
          [
            118.7092881,
            25.6051582
          ]
        ]
      }
    },
    {
      "type": "Feature",
      "properties": {
        "name": "甬莞高速",
        "ref": "G1523",
        "highway": "motorway"
      },
      "geometry": {
        "type": "LineString",
        "coordinates": [
          [
            118.7166062,
            25.5981059
          ],
          [
            118.7169475,
            25.5975854
          ],
          [
            118.7172115,
            25.5970951
          ],
          [
            118.7174806,
            25.5965238
          ],
          [
            118.7177129,
            25.5958384
          ],
          [
            118.7179353,
            25.5950721
          ],
          [
            118.7180588,
            25.5943579
          ],
          [
            118.7181312,
            25.5935861
          ],
          [
            118.7181227,
            25.5928411
          ],
          [
            118.7180375,
            25.5921806
          ],
          [
            118.7179736,
            25.5916315
          ],
          [
            118.717876,
            25.5911512
          ],
          [
            118.7175537,
            25.590426
          ],
          [
            118.7171783,
            25.5896984
          ],
          [
            118.7170752,
            25.5894505
          ],
          [
            118.7166755,
            25.5885915
          ],
          [
            118.7162913,
            25.5881018
          ],
          [
            118.7157588,
            25.5874504
          ],
          [
            118.7155222,
            25.5871992
          ],
          [
            118.7149341,
            25.5866716
          ],
          [
            118.7145746,
            25.5861783
          ],
          [
            118.7141226,
            25.5854949
          ],
          [
            118.7137439,
            25.5848971
          ],
          [
            118.713483,
            25.5844226
          ],
          [
            118.7132495,
            25.5838556
          ],
          [
            118.7129793,
            25.5830833
          ]
        ]
      }
    },
    {
      "type": "Feature",
      "properties": {
        "name": "甬莞高速",
        "ref": "G1523",
        "highway": "motorway"
      },
      "geometry": {
        "type": "LineString",
        "coordinates": [
          [
            118.7146216,
            25.6002336
          ],
          [
            118.7153395,
            25.599553
          ],
          [
            118.7160731,
            25.5987628
          ],
          [
            118.7166062,
            25.5981059
          ]
        ]
      }
    },
    {
      "type": "Feature",
      "properties": {
        "name": "甬莞高速",
        "ref": "G1523",
        "highway": "motorway"
      },
      "geometry": {
        "type": "LineString",
        "coordinates": [
          [
            118.7168703,
            25.5981963
          ],
          [
            118.7163136,
            25.5988943
          ],
          [
            118.7155782,
            25.5996977
          ],
          [
            118.7147434,
            25.6004074
          ]
        ]
      }
    },
    {
      "type": "Feature",
      "properties": {
        "name": "甬莞高速",
        "ref": "G1523",
        "highway": "motorway"
      },
      "geometry": {
        "type": "LineString",
        "coordinates": [
          [
            118.7092881,
            25.6051582
          ],
          [
            118.7102935,
            25.6035514
          ],
          [
            118.7112172,
            25.6026565
          ],
          [
            118.7120089,
            25.6020472
          ],
          [
            118.7146216,
            25.6002336
          ]
        ]
      }
    },
    {
      "type": "Feature",
      "properties": {
        "name": "甬莞高速",
        "ref": "G1523",
        "highway": "motorway"
      },
      "geometry": {
        "type": "LineString",
        "coordinates": [
          [
            118.7147434,
            25.6004074
          ],
          [
            118.7119774,
            25.6023757
          ],
          [
            118.7112913,
            25.6029802
          ],
          [
            118.7105629,
            25.6037703
          ],
          [
            118.7100509,
            25.604589
          ],
          [
            118.7093806,
            25.6059361
          ]
        ]
      }
    },
    {
      "type": "Feature",
      "properties": {
        "name": "甬莞高速",
        "ref": "G1523",
        "highway": "motorway"
      },
      "geometry": {
        "type": "LineString",
        "coordinates": [
          [
            118.7329009,
            25.6564122
          ],
          [
            118.7329742,
            25.6565033
          ],
          [
            118.7334756,
            25.6570694
          ],
          [
            118.7341723,
            25.6576975
          ],
          [
            118.7349904,
            25.6583398
          ],
          [
            118.7355816,
            25.6587204
          ],
          [
            118.7368695,
            25.6595149
          ],
          [
            118.7382418,
            25.660495
          ],
          [
            118.7388119,
            25.6609803
          ],
          [
            118.7391286,
            25.6613252
          ]
        ]
      }
    },
    {
      "type": "Feature",
      "properties": {
        "name": "甬莞高速",
        "ref": "G1523",
        "highway": "motorway"
      },
      "geometry": {
        "type": "LineString",
        "coordinates": [
          [
            118.7469151,
            25.7006454
          ],
          [
            118.747379,
            25.6998413
          ],
          [
            118.7478213,
            25.6992499
          ],
          [
            118.7492303,
            25.6976664
          ],
          [
            118.7500192,
            25.6968535
          ],
          [
            118.7506219,
            25.6960679
          ],
          [
            118.7511203,
            25.6954194
          ],
          [
            118.7515783,
            25.6947168
          ],
          [
            118.7519441,
            25.6939467
          ],
          [
            118.7521643,
            25.6934926
          ],
          [
            118.7523957,
            25.6926552
          ],
          [
            118.7525935,
            25.6916697
          ]
        ]
      }
    },
    {
      "type": "Feature",
      "properties": {
        "name": "甬莞高速",
        "ref": "G1523",
        "highway": "motorway"
      },
      "geometry": {
        "type": "LineString",
        "coordinates": [
          [
            118.7129793,
            25.5830833
          ],
          [
            118.7126514,
            25.5821675
          ],
          [
            118.7125576,
            25.581866
          ],
          [
            118.7124298,
            25.5813701
          ],
          [
            118.712381,
            25.5809736
          ],
          [
            118.7123203,
            25.5803839
          ],
          [
            118.712341,
            25.5796486
          ],
          [
            118.712452,
            25.5789454
          ],
          [
            118.712489,
            25.5786739
          ],
          [
            118.712599,
            25.5777083
          ],
          [
            118.7126596,
            25.5771345
          ],
          [
            118.7127755,
            25.576198
          ],
          [
            118.7128591,
            25.5753989
          ],
          [
            118.7128293,
            25.5747853
          ],
          [
            118.7127543,
            25.5741296
          ],
          [
            118.7125879,
            25.5733769
          ],
          [
            118.7124898,
            25.5727683
          ],
          [
            118.7122529,
            25.572085
          ],
          [
            118.711779,
            25.5711719
          ],
          [
            118.7113892,
            25.570575
          ],
          [
            118.7108975,
            25.569865
          ],
          [
            118.7102459,
            25.5691493
          ],
          [
            118.7094507,
            25.568353
          ],
          [
            118.7086179,
            25.5676244
          ],
          [
            118.7074994,
            25.5664919
          ],
          [
            118.7071852,
            25.5661813
          ]
        ]
      }
    },
    {
      "type": "Feature",
      "properties": {
        "name": "甬莞高速",
        "ref": "G1523",
        "highway": "motorway"
      },
      "geometry": {
        "type": "LineString",
        "coordinates": [
          [
            118.6005018,
            25.2923391
          ],
          [
            118.600129,
            25.2928521
          ],
          [
            118.5995572,
            25.2940781
          ],
          [
            118.5992933,
            25.2949728
          ],
          [
            118.5991467,
            25.2957283
          ],
          [
            118.5990661,
            25.2963248
          ],
          [
            118.5990514,
            25.2966296
          ],
          [
            118.5990954,
            25.297511
          ],
          [
            118.5992493,
            25.2983725
          ],
          [
            118.5995865,
            25.2994726
          ],
          [
            118.6000263,
            25.3004799
          ]
        ]
      }
    },
    {
      "type": "Feature",
      "properties": {
        "name": "甬莞高速",
        "ref": "G1523",
        "highway": "motorway"
      },
      "geometry": {
        "type": "LineString",
        "coordinates": [
          [
            118.6651859,
            25.4073762
          ],
          [
            118.6649748,
            25.4066618
          ],
          [
            118.6645678,
            25.4056111
          ],
          [
            118.6640342,
            25.4046193
          ],
          [
            118.6635198,
            25.4037974
          ],
          [
            118.6624218,
            25.4024762
          ],
          [
            118.6613354,
            25.4014532
          ],
          [
            118.6604025,
            25.4006278
          ],
          [
            118.659723,
            25.3999897
          ],
          [
            118.6591586,
            25.399362
          ],
          [
            118.6584331,
            25.3983702
          ],
          [
            118.6581144,
            25.3978396
          ],
          [
            118.657577,
            25.3967367
          ],
          [
            118.6572046,
            25.3955923
          ],
          [
            118.6570126,
            25.394694
          ],
          [
            118.6569874,
            25.3945059
          ],
          [
            118.6568782,
            25.3936918
          ],
          [
            118.6567708,
            25.3929392
          ],
          [
            118.6566633,
            25.3922837
          ],
          [
            118.6564626,
            25.3914145
          ]
        ]
      }
    },
    {
      "type": "Feature",
      "properties": {
        "name": "玢山隧道",
        "ref": "G1523",
        "highway": "motorway"
      },
      "geometry": {
        "type": "LineString",
        "coordinates": [
          [
            118.7083647,
            25.5365199
          ],
          [
            118.7085916,
            25.5380023
          ],
          [
            118.7086084,
            25.5395543
          ],
          [
            118.7084408,
            25.5408442
          ],
          [
            118.7081002,
            25.5428043
          ],
          [
            118.7077874,
            25.544845
          ],
          [
            118.7075194,
            25.5464876
          ],
          [
            118.7072904,
            25.5479185
          ],
          [
            118.7070056,
            25.5493343
          ],
          [
            118.7067766,
            25.5507854
          ],
          [
            118.7064472,
            25.5528461
          ],
          [
            118.706073,
            25.5550529
          ],
          [
            118.705911,
            25.5559245
          ]
        ]
      }
    },
    {
      "type": "Feature",
      "properties": {
        "name": "甬莞高速",
        "ref": "G1523",
        "highway": "motorway"
      },
      "geometry": {
        "type": "LineString",
        "coordinates": [
          [
            118.6741947,
            25.429597
          ],
          [
            118.6731774,
            25.4281165
          ],
          [
            118.6720756,
            25.4265043
          ],
          [
            118.6710121,
            25.4249718
          ],
          [
            118.6700946,
            25.4236161
          ],
          [
            118.6690926,
            25.422139
          ],
          [
            118.6683402,
            25.4208769
          ],
          [
            118.6677298,
            25.4196599
          ],
          [
            118.6670426,
            25.4180545
          ],
          [
            118.6666817,
            25.4169726
          ],
          [
            118.6664015,
            25.4160642
          ],
          [
            118.6659907,
            25.4141986
          ],
          [
            118.6657949,
            25.4129746
          ],
          [
            118.6655492,
            25.4110986
          ],
          [
            118.6653304,
            25.4093405
          ],
          [
            118.6651,
            25.4081026
          ],
          [
            118.6651859,
            25.4073762
          ]
        ]
      }
    },
    {
      "type": "Feature",
      "properties": {
        "name": "甬莞高速",
        "ref": "G1523",
        "highway": "motorway"
      },
      "geometry": {
        "type": "LineString",
        "coordinates": [
          [
            118.6655161,
            25.4073346
          ],
          [
            118.6654954,
            25.4082482
          ],
          [
            118.6656413,
            25.4089972
          ],
          [
            118.6657834,
            25.4099578
          ],
          [
            118.6659446,
            25.4112269
          ],
          [
            118.6661135,
            25.4125169
          ],
          [
            118.6662709,
            25.4136958
          ],
          [
            118.6663938,
            25.4144414
          ],
          [
            118.6667777,
            25.4159948
          ],
          [
            118.6670387,
            25.4169033
          ],
          [
            118.6677144,
            25.4187896
          ],
          [
            118.6682519,
            25.4199199
          ],
          [
            118.6688815,
            25.4210607
          ],
          [
            118.6696263,
            25.4223159
          ],
          [
            118.6705783,
            25.4236334
          ],
          [
            118.6714536,
            25.4249336
          ],
          [
            118.6720871,
            25.4258594
          ],
          [
            118.6727819,
            25.4268787
          ],
          [
            118.673519,
            25.4279397
          ],
          [
            118.6743636,
            25.4291809
          ],
          [
            118.6745018,
            25.4293855
          ]
        ]
      }
    },
    {
      "type": "Feature",
      "properties": {
        "name": "甬莞高速",
        "ref": "G1523",
        "highway": "motorway"
      },
      "geometry": {
        "type": "LineString",
        "coordinates": [
          [
            118.707355,
            25.5660738
          ],
          [
            118.7087116,
            25.5675229
          ],
          [
            118.7092888,
            25.5680402
          ],
          [
            118.7101972,
            25.5689278
          ],
          [
            118.710994,
            25.5698115
          ],
          [
            118.711805,
            25.5709561
          ],
          [
            118.7119665,
            25.5712562
          ],
          [
            118.7123621,
            25.572064
          ],
          [
            118.7125943,
            25.572719
          ],
          [
            118.7128953,
            25.5741829
          ],
          [
            118.7128972,
            25.5742097
          ],
          [
            118.7130127,
            25.5748927
          ],
          [
            118.7130223,
            25.5752462
          ],
          [
            118.7129942,
            25.5756047
          ],
          [
            118.7128412,
            25.5770582
          ],
          [
            118.7126089,
            25.5788894
          ],
          [
            118.7124521,
            25.5798703
          ],
          [
            118.7125513,
            25.5813138
          ],
          [
            118.7127347,
            25.5819341
          ],
          [
            118.7128647,
            25.5823611
          ]
        ]
      }
    },
    {
      "type": "Feature",
      "properties": {
        "name": "胡峰隧道",
        "ref": "G1523",
        "highway": "motorway"
      },
      "geometry": {
        "type": "LineString",
        "coordinates": [
          [
            118.6900775,
            25.4846551
          ],
          [
            118.6899001,
            25.4860675
          ],
          [
            118.6898442,
            25.4875316
          ],
          [
            118.6903022,
            25.4899211
          ],
          [
            118.6908582,
            25.4921138
          ],
          [
            118.6908965,
            25.4923872
          ],
          [
            118.6909537,
            25.4931957
          ]
        ]
      }
    },
    {
      "type": "Feature",
      "properties": {
        "name": "甬莞高速",
        "ref": "G1523",
        "highway": "motorway"
      },
      "geometry": {
        "type": "LineString",
        "coordinates": [
          [
            118.7033401,
            25.5212772
          ],
          [
            118.7035226,
            25.5218099
          ],
          [
            118.7035873,
            25.5219821
          ],
          [
            118.7036521,
            25.5221993
          ],
          [
            118.7037201,
            25.522517
          ],
          [
            118.703746,
            25.5227435
          ],
          [
            118.7037498,
            25.5229953
          ],
          [
            118.7037432,
            25.5234072
          ],
          [
            118.7037106,
            25.523883
          ],
          [
            118.7034817,
            25.5250263
          ],
          [
            118.7032678,
            25.5260071
          ],
          [
            118.7032039,
            25.5264825
          ],
          [
            118.7031481,
            25.5269555
          ],
          [
            118.7031858,
            25.5277526
          ],
          [
            118.7033198,
            25.5286496
          ],
          [
            118.7036285,
            25.5294513
          ],
          [
            118.7041331,
            25.5304131
          ],
          [
            118.7043335,
            25.5307144
          ],
          [
            118.7046626,
            25.5311014
          ],
          [
            118.7050482,
            25.5315204
          ],
          [
            118.7054696,
            25.5320087
          ],
          [
            118.7057581,
            25.5323083
          ],
          [
            118.7060419,
            25.5325887
          ],
          [
            118.7063811,
            25.5330162
          ],
          [
            118.7066731,
            25.5333757
          ],
          [
            118.7071328,
            25.5339442
          ],
          [
            118.7074463,
            25.5344063
          ],
          [
            118.7079059,
            25.535377
          ],
          [
            118.7083647,
            25.5365199
          ]
        ]
      }
    },
    {
      "type": "Feature",
      "properties": {
        "name": "甬莞高速",
        "ref": "G1523",
        "highway": "motorway"
      },
      "geometry": {
        "type": "LineString",
        "coordinates": [
          [
            118.7081043,
            25.5366436
          ],
          [
            118.7077984,
            25.5358109
          ],
          [
            118.7074756,
            25.5348927
          ],
          [
            118.7072055,
            25.5343607
          ],
          [
            118.7068646,
            25.5338628
          ],
          [
            118.7063719,
            25.533235
          ],
          [
            118.7057951,
            25.5325479
          ],
          [
            118.7055297,
            25.5322921
          ],
          [
            118.7051558,
            25.5318509
          ],
          [
            118.7046061,
            25.531237
          ],
          [
            118.7043885,
            25.5310351
          ],
          [
            118.7041826,
            25.5307949
          ],
          [
            118.7039501,
            25.5303741
          ],
          [
            118.7037326,
            25.5299297
          ],
          [
            118.7034537,
            25.5294193
          ],
          [
            118.7031545,
            25.5286203
          ],
          [
            118.7030045,
            25.5276867
          ],
          [
            118.702993,
            25.5270197
          ],
          [
            118.7030519,
            25.5263967
          ],
          [
            118.703423,
            25.5245295
          ],
          [
            118.7035889,
            25.5235246
          ],
          [
            118.7035922,
            25.5228931
          ],
          [
            118.703582,
            25.5226027
          ],
          [
            118.7035314,
            25.5223201
          ],
          [
            118.7034714,
            25.5220487
          ],
          [
            118.7032006,
            25.5213921
          ]
        ]
      }
    },
    {
      "type": "Feature",
      "properties": {
        "name": "甬莞高速",
        "ref": "G1523",
        "highway": "motorway"
      },
      "geometry": {
        "type": "LineString",
        "coordinates": [
          [
            118.6913982,
            25.4531908
          ],
          [
            118.6914791,
            25.4533075
          ],
          [
            118.6916348,
            25.4535222
          ],
          [
            118.6922854,
            25.4543506
          ],
          [
            118.6927909,
            25.4552134
          ],
          [
            118.692973,
            25.4555637
          ],
          [
            118.6932094,
            25.4561832
          ],
          [
            118.6935332,
            25.457203
          ],
          [
            118.6936574,
            25.4577147
          ],
          [
            118.6937544,
            25.4582655
          ],
          [
            118.6938251,
            25.4590833
          ],
          [
            118.6938984,
            25.4595411
          ],
          [
            118.6939933,
            25.4599647
          ],
          [
            118.694171,
            25.4606561
          ],
          [
            118.6942196,
            25.4609303
          ]
        ]
      }
    },
    {
      "type": "Feature",
      "properties": {
        "name": "甬莞高速",
        "ref": "G1523",
        "highway": "motorway"
      },
      "geometry": {
        "type": "LineString",
        "coordinates": [
          [
            118.6940725,
            25.4609667
          ],
          [
            118.6940089,
            25.4606621
          ],
          [
            118.693823,
            25.4598777
          ],
          [
            118.6937149,
            25.4593995
          ],
          [
            118.6936284,
            25.4588723
          ],
          [
            118.6934719,
            25.4577314
          ],
          [
            118.6933978,
            25.4573289
          ],
          [
            118.6932586,
            25.456897
          ],
          [
            118.6929585,
            25.4560271
          ],
          [
            118.6927746,
            25.4555454
          ],
          [
            118.6925636,
            25.4551713
          ],
          [
            118.6919664,
            25.4542553
          ],
          [
            118.6916586,
            25.4538461
          ],
          [
            118.6914805,
            25.4535884
          ],
          [
            118.6913994,
            25.453469
          ],
          [
            118.6912831,
            25.4532822
          ]
        ]
      }
    },
    {
      "type": "Feature",
      "properties": {
        "name": "胡峰隧道",
        "ref": "G1523",
        "highway": "motorway"
      },
      "geometry": {
        "type": "LineString",
        "coordinates": [
          [
            118.690622,
            25.4931508
          ],
          [
            118.6905576,
            25.4922954
          ],
          [
            118.6904102,
            25.4915337
          ],
          [
            118.6899046,
            25.4897358
          ],
          [
            118.6896576,
            25.4881949
          ],
          [
            118.6895994,
            25.4875108
          ],
          [
            118.6896023,
            25.4866482
          ],
          [
            118.6896554,
            25.4860202
          ],
          [
            118.6898358,
            25.4845908
          ]
        ]
      }
    },
    {
      "type": "Feature",
      "properties": {
        "name": "玢山隧道",
        "ref": "G1523",
        "highway": "motorway"
      },
      "geometry": {
        "type": "LineString",
        "coordinates": [
          [
            118.7057766,
            25.5547653
          ],
          [
            118.7061873,
            25.5523356
          ],
          [
            118.7066927,
            25.5492503
          ],
          [
            118.7073166,
            25.5455664
          ],
          [
            118.7077431,
            25.5429013
          ],
          [
            118.7080353,
            25.5410486
          ],
          [
            118.708217,
            25.5397873
          ],
          [
            118.7083039,
            25.5382196
          ],
          [
            118.7081043,
            25.5366436
          ]
        ]
      }
    },
    {
      "type": "Feature",
      "properties": {
        "name": "沈海高速",
        "ref": "G15",
        "highway": "motorway"
      },
      "geometry": {
        "type": "LineString",
        "coordinates": [
          [
            119.0625056,
            25.3717042
          ],
          [
            119.0600578,
            25.3681648
          ],
          [
            119.0587054,
            25.3664334
          ],
          [
            119.0568804,
            25.3642715
          ],
          [
            119.0555189,
            25.3629007
          ],
          [
            119.0529789,
            25.3606888
          ],
          [
            119.0494667,
            25.3578533
          ],
          [
            119.0472617,
            25.3560877
          ],
          [
            119.0459783,
            25.35506
          ],
          [
            119.0442967,
            25.35377
          ],
          [
            119.043297,
            25.3531364
          ]
        ]
      }
    },
    {
      "type": "Feature",
      "properties": {
        "name": "沈海高速",
        "ref": "G15",
        "highway": "motorway"
      },
      "geometry": {
        "type": "LineString",
        "coordinates": [
          [
            119.0694724,
            25.3812931
          ],
          [
            119.07021,
            25.3823667
          ],
          [
            119.0717383,
            25.3845433
          ],
          [
            119.0722967,
            25.3854167
          ],
          [
            119.0730617,
            25.386455
          ],
          [
            119.0750687,
            25.3893428
          ]
        ]
      }
    },
    {
      "type": "Feature",
      "properties": {
        "name": "沈海高速",
        "ref": "G15",
        "highway": "motorway"
      },
      "geometry": {
        "type": "LineString",
        "coordinates": [
          [
            119.0660609,
            25.3763826
          ],
          [
            119.0671816,
            25.3779702
          ]
        ]
      }
    },
    {
      "type": "Feature",
      "properties": {
        "name": "沈海高速",
        "ref": "G15",
        "highway": "motorway"
      },
      "geometry": {
        "type": "LineString",
        "coordinates": [
          [
            119.1167483,
            25.4366949
          ],
          [
            119.1160916,
            25.4362594
          ]
        ]
      }
    },
    {
      "type": "Feature",
      "properties": {
        "name": "沈海高速",
        "ref": "G15",
        "highway": "motorway"
      },
      "geometry": {
        "type": "LineString",
        "coordinates": [
          [
            119.1160916,
            25.4362594
          ],
          [
            119.1113413,
            25.4329696
          ]
        ]
      }
    },
    {
      "type": "Feature",
      "properties": {
        "name": "沈海高速",
        "ref": "G15",
        "highway": "motorway"
      },
      "geometry": {
        "type": "LineString",
        "coordinates": [
          [
            119.0776471,
            25.393825
          ],
          [
            119.0766733,
            25.3927757
          ],
          [
            119.0758065,
            25.3915024
          ],
          [
            119.07504,
            25.3905581
          ]
        ]
      }
    },
    {
      "type": "Feature",
      "properties": {
        "name": "沈海高速",
        "ref": "G15",
        "highway": "motorway"
      },
      "geometry": {
        "type": "LineString",
        "coordinates": [
          [
            119.0754279,
            25.3898597
          ],
          [
            119.07632,
            25.3911433
          ],
          [
            119.07773,
            25.3930067
          ],
          [
            119.078785,
            25.3942533
          ],
          [
            119.0809214,
            25.3967249
          ]
        ]
      }
    },
    {
      "type": "Feature",
      "properties": {
        "name": "沈海高速",
        "ref": "G15",
        "highway": "motorway"
      },
      "geometry": {
        "type": "LineString",
        "coordinates": [
          [
            119.0680874,
            25.3797855
          ],
          [
            119.067671,
            25.3791865
          ],
          [
            119.0667868,
            25.3778708
          ],
          [
            119.0642774,
            25.3741865
          ]
        ]
      }
    },
    {
      "type": "Feature",
      "properties": {
        "name": "沈海高速",
        "ref": "G15",
        "highway": "motorway"
      },
      "geometry": {
        "type": "LineString",
        "coordinates": [
          [
            119.07504,
            25.3905581
          ],
          [
            119.0746224,
            25.3899971
          ]
        ]
      }
    },
    {
      "type": "Feature",
      "properties": {
        "name": "沈海高速",
        "ref": "G15",
        "highway": "motorway"
      },
      "geometry": {
        "type": "LineString",
        "coordinates": [
          [
            119.0750687,
            25.3893428
          ],
          [
            119.0754279,
            25.3898597
          ]
        ]
      }
    },
    {
      "type": "Feature",
      "properties": {
        "name": "沈海高速",
        "ref": "G15",
        "highway": "motorway"
      },
      "geometry": {
        "type": "LineString",
        "coordinates": [
          [
            119.0974647,
            25.422336
          ],
          [
            119.0969687,
            25.4212581
          ],
          [
            119.0964563,
            25.4202367
          ],
          [
            119.096031,
            25.4188704
          ],
          [
            119.0952408,
            25.4162704
          ],
          [
            119.0946712,
            25.414257
          ],
          [
            119.093834,
            25.412238
          ],
          [
            119.0936967,
            25.411907
          ],
          [
            119.0924288,
            25.4096708
          ],
          [
            119.0912905,
            25.4079858
          ],
          [
            119.0904314,
            25.4068824
          ],
          [
            119.0893038,
            25.4055707
          ],
          [
            119.0878034,
            25.4039773
          ],
          [
            119.085916,
            25.4021183
          ],
          [
            119.0804068,
            25.3968101
          ],
          [
            119.0785566,
            25.3948343
          ],
          [
            119.0776471,
            25.393825
          ]
        ]
      }
    },
    {
      "type": "Feature",
      "properties": {
        "name": "沈海高速",
        "ref": "G15",
        "highway": "motorway"
      },
      "geometry": {
        "type": "LineString",
        "coordinates": [
          [
            119.0746224,
            25.3899971
          ],
          [
            119.0741267,
            25.3892756
          ],
          [
            119.0728176,
            25.3871532
          ]
        ]
      }
    },
    {
      "type": "Feature",
      "properties": {
        "name": "沈海高速",
        "ref": "G15",
        "highway": "motorway"
      },
      "geometry": {
        "type": "LineString",
        "coordinates": [
          [
            119.1167429,
            25.4363006
          ],
          [
            119.1177933,
            25.436925
          ],
          [
            119.1199467,
            25.4382317
          ],
          [
            119.1220633,
            25.4393833
          ],
          [
            119.1247063,
            25.4406519
          ],
          [
            119.1248831,
            25.4407368
          ],
          [
            119.12506,
            25.4408217
          ],
          [
            119.1273417,
            25.44177
          ],
          [
            119.1324167,
            25.4436833
          ],
          [
            119.1354584,
            25.444779
          ],
          [
            119.1399817,
            25.4464083
          ],
          [
            119.1473833,
            25.4491633
          ],
          [
            119.14863,
            25.4496633
          ],
          [
            119.1509683,
            25.4506933
          ],
          [
            119.1526667,
            25.4515317
          ]
        ]
      }
    },
    {
      "type": "Feature",
      "properties": {
        "name": "甬莞高速",
        "ref": "G1523",
        "highway": "motorway"
      },
      "geometry": {
        "type": "LineString",
        "coordinates": [
          [
            118.6155104,
            25.3297757
          ],
          [
            118.6155643,
            25.3299575
          ],
          [
            118.6160619,
            25.3312032
          ],
          [
            118.6165397,
            25.3323774
          ],
          [
            118.6169188,
            25.3330127
          ],
          [
            118.6174361,
            25.3337908
          ],
          [
            118.6178981,
            25.334601
          ],
          [
            118.6185458,
            25.3356646
          ],
          [
            118.6190512,
            25.3366496
          ],
          [
            118.6194224,
            25.3376668
          ],
          [
            118.6196317,
            25.3386697
          ],
          [
            118.6197778,
            25.3395869
          ],
          [
            118.6199555,
            25.3404399
          ],
          [
            118.6202556,
            25.3413821
          ],
          [
            118.6207176,
            25.3425348
          ],
          [
            118.6212784,
            25.3436483
          ],
          [
            118.6219655,
            25.3447154
          ],
          [
            118.622316,
            25.3451238
          ],
          [
            118.6230435,
            25.3459716
          ],
          [
            118.6231947,
            25.3461307
          ],
          [
            118.6237148,
            25.3466782
          ],
          [
            118.6249587,
            25.3477809
          ],
          [
            118.6256182,
            25.3482734
          ],
          [
            118.6265422,
            25.3488587
          ],
          [
            118.6272682,
            25.3492719
          ],
          [
            118.6280497,
            25.3497168
          ],
          [
            118.6281868,
            25.3498021
          ],
          [
            118.6287381,
            25.3501035
          ],
          [
            118.6296403,
            25.3506864
          ],
          [
            118.6304656,
            25.351297
          ],
          [
            118.6311874,
            25.3519145
          ],
          [
            118.631579,
            25.3522545
          ],
          [
            118.6326155,
            25.353271
          ],
          [
            118.633272,
            25.3538851
          ],
          [
            118.6340321,
            25.3544748
          ],
          [
            118.6348997,
            25.3550889
          ],
          [
            118.6360937,
            25.3557168
          ],
          [
            118.637564,
            25.3562996
          ],
          [
            118.6389499,
            25.3566882
          ],
          [
            118.6400824,
            25.3569831
          ],
          [
            118.6416065,
            25.3575208
          ],
          [
            118.6425932,
            25.3580377
          ],
          [
            118.6431498,
            25.3584193
          ],
          [
            118.6432478,
            25.3584885
          ]
        ]
      }
    },
    {
      "type": "Feature",
      "properties": {
        "name": "甬莞高速",
        "ref": "G1523",
        "highway": "motorway"
      },
      "geometry": {
        "type": "LineString",
        "coordinates": [
          [
            118.6027898,
            25.3033162
          ],
          [
            118.6033741,
            25.303635
          ],
          [
            118.6043811,
            25.3042062
          ],
          [
            118.6054513,
            25.3047275
          ],
          [
            118.6064345,
            25.3052415
          ],
          [
            118.6073349,
            25.3058948
          ],
          [
            118.6080062,
            25.3064946
          ],
          [
            118.6085788,
            25.3071907
          ],
          [
            118.6089816,
            25.3077298
          ],
          [
            118.6093054,
            25.3084794
          ],
          [
            118.6095936,
            25.3094505
          ],
          [
            118.609799,
            25.3104394
          ],
          [
            118.6100004,
            25.3118066
          ],
          [
            118.6102807,
            25.313031
          ],
          [
            118.6106993,
            25.3140734
          ],
          [
            118.6113469,
            25.3152657
          ]
        ]
      }
    },
    {
      "type": "Feature",
      "properties": {
        "name": "甬莞高速",
        "ref": "G1523",
        "highway": "motorway"
      },
      "geometry": {
        "type": "LineString",
        "coordinates": [
          [
            118.611212,
            25.3153291
          ],
          [
            118.6109689,
            25.3149008
          ],
          [
            118.6105278,
            25.3140123
          ],
          [
            118.6102653,
            25.3134368
          ],
          [
            118.6100475,
            25.3126341
          ],
          [
            118.6098074,
            25.3112912
          ],
          [
            118.6096119,
            25.3101251
          ],
          [
            118.6093885,
            25.309196
          ],
          [
            118.6091484,
            25.3084387
          ],
          [
            118.6088636,
            25.3077824
          ],
          [
            118.6084838,
            25.3072523
          ],
          [
            118.6079086,
            25.3065859
          ],
          [
            118.607244,
            25.3059548
          ],
          [
            118.6063282,
            25.3053086
          ],
          [
            118.6050996,
            25.3046826
          ],
          [
            118.6039715,
            25.304107
          ],
          [
            118.6032738,
            25.3037666
          ],
          [
            118.6026802,
            25.3034552
          ]
        ]
      }
    },
    {
      "type": "Feature",
      "properties": {
        "name": "甬莞高速",
        "ref": "G1523",
        "highway": "motorway"
      },
      "geometry": {
        "type": "LineString",
        "coordinates": [
          [
            118.6026802,
            25.3034552
          ],
          [
            118.6018789,
            25.3029388
          ],
          [
            118.6009385,
            25.3021566
          ],
          [
            118.6003487,
            25.3013842
          ],
          [
            118.5998548,
            25.3005519
          ]
        ]
      }
    },
    {
      "type": "Feature",
      "properties": {
        "name": "甬莞高速",
        "ref": "G1523",
        "highway": "motorway"
      },
      "geometry": {
        "type": "LineString",
        "coordinates": [
          [
            118.6135155,
            25.3183518
          ],
          [
            118.6127281,
            25.3174704
          ],
          [
            118.6120691,
            25.3166627
          ],
          [
            118.6115162,
            25.315865
          ],
          [
            118.611212,
            25.3153291
          ]
        ]
      }
    },
    {
      "type": "Feature",
      "properties": {
        "name": "甬莞高速",
        "ref": "G1523",
        "highway": "motorway"
      },
      "geometry": {
        "type": "LineString",
        "coordinates": [
          [
            118.6113469,
            25.3152657
          ],
          [
            118.6119274,
            25.3162259
          ],
          [
            118.6121012,
            25.3164758
          ],
          [
            118.6127251,
            25.3172861
          ],
          [
            118.6136282,
            25.3183012
          ]
        ]
      }
    },
    {
      "type": "Feature",
      "properties": {
        "name": "沈海高速",
        "ref": "G15",
        "highway": "motorway"
      },
      "geometry": {
        "type": "LineString",
        "coordinates": [
          [
            118.8656306,
            25.2252718
          ],
          [
            118.865445,
            25.2264233
          ],
          [
            118.8652667,
            25.2282617
          ],
          [
            118.8652713,
            25.2290907
          ],
          [
            118.8652683,
            25.2294233
          ],
          [
            118.8653683,
            25.2303517
          ],
          [
            118.8655633,
            25.23152
          ],
          [
            118.8659233,
            25.2331567
          ],
          [
            118.8668033,
            25.2359083
          ],
          [
            118.8674033,
            25.2380833
          ],
          [
            118.8685867,
            25.242
          ],
          [
            118.8693367,
            25.244177
          ]
        ]
      }
    },
    {
      "type": "Feature",
      "properties": {
        "name": "甬莞高速",
        "ref": "G1523",
        "highway": "motorway"
      },
      "geometry": {
        "type": "LineString",
        "coordinates": [
          [
            118.5998548,
            25.3005519
          ],
          [
            118.5994073,
            25.2995269
          ],
          [
            118.5990646,
            25.2984091
          ],
          [
            118.5989073,
            25.2975285
          ],
          [
            118.5988625,
            25.2966297
          ],
          [
            118.5988778,
            25.2963107
          ],
          [
            118.5989599,
            25.2957032
          ],
          [
            118.5991088,
            25.294936
          ],
          [
            118.5993782,
            25.2940227
          ],
          [
            118.6000048,
            25.2928436
          ],
          [
            118.6003755,
            25.2923071
          ]
        ]
      }
    },
    {
      "type": "Feature",
      "properties": {
        "name": "甬莞高速",
        "ref": "G1523",
        "highway": "motorway"
      },
      "geometry": {
        "type": "LineString",
        "coordinates": [
          [
            118.6000263,
            25.3004799
          ],
          [
            118.6005101,
            25.301295
          ],
          [
            118.6010819,
            25.3020439
          ],
          [
            118.6019981,
            25.302806
          ],
          [
            118.6027898,
            25.3033162
          ]
        ]
      }
    },
    {
      "type": "Feature",
      "properties": {
        "name": "沈海高速",
        "ref": "G15",
        "highway": "motorway"
      },
      "geometry": {
        "type": "LineString",
        "coordinates": [
          [
            118.8819256,
            25.2657351
          ],
          [
            118.881765,
            25.26556
          ],
          [
            118.8813532,
            25.265028
          ],
          [
            118.8806233,
            25.264085
          ],
          [
            118.8803605,
            25.2636985
          ],
          [
            118.8798617,
            25.262965
          ],
          [
            118.8795017,
            25.2622783
          ],
          [
            118.8790293,
            25.2615242
          ],
          [
            118.8783551,
            25.2604481
          ],
          [
            118.8779634,
            25.2599437
          ],
          [
            118.8772639,
            25.2588657
          ]
        ]
      }
    },
    {
      "type": "Feature",
      "properties": {
        "name": "沈海高速",
        "ref": "G15",
        "highway": "motorway"
      },
      "geometry": {
        "type": "LineString",
        "coordinates": [
          [
            118.8842916,
            25.2678732
          ],
          [
            118.8847149,
            25.2682473
          ]
        ]
      }
    },
    {
      "type": "Feature",
      "properties": {
        "name": "沈海高速",
        "ref": "G15",
        "highway": "motorway"
      },
      "geometry": {
        "type": "LineString",
        "coordinates": [
          [
            118.8845008,
            25.2682776
          ],
          [
            118.8839979,
            25.2678325
          ]
        ]
      }
    },
    {
      "type": "Feature",
      "properties": {
        "name": "沈海高速",
        "ref": "G15",
        "highway": "motorway"
      },
      "geometry": {
        "type": "LineString",
        "coordinates": [
          [
            118.8932299,
            25.273059
          ],
          [
            118.8961817,
            25.2739367
          ],
          [
            118.8984417,
            25.2744333
          ],
          [
            118.90236,
            25.27517
          ],
          [
            118.90569,
            25.2759967
          ],
          [
            118.9088984,
            25.2769069
          ],
          [
            118.910501,
            25.2774722
          ],
          [
            118.9122317,
            25.2781517
          ],
          [
            118.91449,
            25.279085
          ],
          [
            118.9176567,
            25.2805917
          ],
          [
            118.9220237,
            25.282878
          ],
          [
            118.936095,
            25.290245
          ],
          [
            118.9396083,
            25.2919283
          ],
          [
            118.9430083,
            25.2933083
          ],
          [
            118.94678,
            25.2947
          ],
          [
            118.95487,
            25.2975417
          ],
          [
            118.9592133,
            25.2991267
          ],
          [
            118.960831,
            25.2996054
          ],
          [
            118.9619238,
            25.2998609
          ],
          [
            118.9631842,
            25.2999958
          ],
          [
            118.9648333,
            25.30001
          ],
          [
            118.9655505,
            25.2998918
          ],
          [
            118.9666693,
            25.2997367
          ],
          [
            118.968761,
            25.2992246
          ],
          [
            118.9715962,
            25.2985028
          ]
        ]
      }
    },
    {
      "type": "Feature",
      "properties": {
        "name": "秀永高速",
        "ref": "S55",
        "highway": "motorway"
      },
      "geometry": {
        "type": "LineString",
        "coordinates": [
          [
            119.110507,
            25.1678819
          ],
          [
            119.1109712,
            25.1656989
          ],
          [
            119.1110186,
            25.1650792
          ],
          [
            119.1110378,
            25.1643798
          ],
          [
            119.1109942,
            25.1637465
          ],
          [
            119.1109175,
            25.1634092
          ],
          [
            119.1108345,
            25.1629169
          ],
          [
            119.1106923,
            25.1623281
          ],
          [
            119.1104961,
            25.1617898
          ],
          [
            119.1104597,
            25.1616901
          ],
          [
            119.1103375,
            25.1614604
          ]
        ]
      }
    },
    {
      "type": "Feature",
      "properties": {
        "name": "秀永高速",
        "ref": "S55",
        "highway": "motorway"
      },
      "geometry": {
        "type": "LineString",
        "coordinates": [
          [
            119.1105435,
            25.1612988
          ],
          [
            119.1106108,
            25.1615876
          ],
          [
            119.1106414,
            25.1617003
          ],
          [
            119.1108699,
            25.1625424
          ],
          [
            119.1110284,
            25.1631417
          ],
          [
            119.1111025,
            25.1637447
          ],
          [
            119.1111351,
            25.1643263
          ],
          [
            119.1111554,
            25.1648079
          ],
          [
            119.1111317,
            25.1654364
          ],
          [
            119.1108731,
            25.1678954
          ]
        ]
      }
    },
    {
      "type": "Feature",
      "properties": {
        "name": "秀永高速",
        "ref": "S55",
        "highway": "motorway"
      },
      "geometry": {
        "type": "LineString",
        "coordinates": [
          [
            119.0808329,
            25.2290998
          ],
          [
            119.0801175,
            25.2296266
          ],
          [
            119.0795082,
            25.2300544
          ],
          [
            119.0787076,
            25.2306023
          ],
          [
            119.0780684,
            25.2310781
          ],
          [
            119.077511,
            25.2315805
          ],
          [
            119.077096,
            25.232007
          ],
          [
            119.0767251,
            25.2324506
          ],
          [
            119.0764212,
            25.2328791
          ],
          [
            119.0761131,
            25.2333909
          ],
          [
            119.0757608,
            25.2341005
          ]
        ]
      }
    },
    {
      "type": "Feature",
      "properties": {
        "name": "秀永高速",
        "ref": "S55",
        "highway": "motorway"
      },
      "geometry": {
        "type": "LineString",
        "coordinates": [
          [
            119.0921217,
            25.217333
          ],
          [
            119.0927153,
            25.2167098
          ],
          [
            119.0931889,
            25.2162453
          ],
          [
            119.093656,
            25.2158438
          ],
          [
            119.0941266,
            25.2154717
          ],
          [
            119.0945704,
            25.2151435
          ],
          [
            119.0949184,
            25.2148861
          ],
          [
            119.095219,
            25.2146437
          ],
          [
            119.0955433,
            25.2143512
          ],
          [
            119.0961781,
            25.2136689
          ],
          [
            119.09677,
            25.212952
          ],
          [
            119.0972504,
            25.2122892
          ]
        ]
      }
    },
    {
      "type": "Feature",
      "properties": {
        "name": "秀永高速",
        "ref": "S55",
        "highway": "motorway"
      },
      "geometry": {
        "type": "LineString",
        "coordinates": [
          [
            119.0756626,
            25.2340632
          ],
          [
            119.075802,
            25.2337651
          ],
          [
            119.0760692,
            25.233231
          ],
          [
            119.0763817,
            25.2327316
          ],
          [
            119.0768344,
            25.2321364
          ],
          [
            119.0772091,
            25.2317244
          ],
          [
            119.077713,
            25.231248
          ],
          [
            119.0782588,
            25.2308084
          ],
          [
            119.0787049,
            25.2304795
          ],
          [
            119.0794405,
            25.229968
          ],
          [
            119.080227,
            25.2294208
          ],
          [
            119.0807584,
            25.2290298
          ]
        ]
      }
    },
    {
      "type": "Feature",
      "properties": {
        "name": "秀永高速",
        "ref": "S55",
        "highway": "motorway"
      },
      "geometry": {
        "type": "LineString",
        "coordinates": [
          [
            119.0973531,
            25.2123225
          ],
          [
            119.0970834,
            25.21271
          ],
          [
            119.0966255,
            25.2132945
          ],
          [
            119.0961572,
            25.2138455
          ],
          [
            119.0958105,
            25.2142357
          ],
          [
            119.0954963,
            25.2145373
          ],
          [
            119.0950814,
            25.2148873
          ],
          [
            119.0947337,
            25.2151466
          ],
          [
            119.0941588,
            25.2155716
          ],
          [
            119.0936979,
            25.2159376
          ],
          [
            119.0932578,
            25.2163197
          ],
          [
            119.0927323,
            25.2168431
          ],
          [
            119.0921581,
            25.217446
          ]
        ]
      }
    },
    {
      "type": "Feature",
      "properties": {
        "name": "秀永高速",
        "ref": "S55",
        "highway": "motorway"
      },
      "geometry": {
        "type": "LineString",
        "coordinates": [
          [
            119.0910209,
            25.2186247
          ],
          [
            119.0921217,
            25.217333
          ]
        ]
      }
    },
    {
      "type": "Feature",
      "properties": {
        "name": "秀永高速",
        "ref": "S55",
        "highway": "motorway"
      },
      "geometry": {
        "type": "LineString",
        "coordinates": [
          [
            119.0972504,
            25.2122892
          ],
          [
            119.0976283,
            25.2117082
          ]
        ]
      }
    },
    {
      "type": "Feature",
      "properties": {
        "name": "秀永高速",
        "ref": "S55",
        "highway": "motorway"
      },
      "geometry": {
        "type": "LineString",
        "coordinates": [
          [
            119.0977369,
            25.2117326
          ],
          [
            119.0973531,
            25.2123225
          ]
        ]
      }
    },
    {
      "type": "Feature",
      "properties": {
        "name": "秀永高速",
        "ref": "S55",
        "highway": "motorway"
      },
      "geometry": {
        "type": "LineString",
        "coordinates": [
          [
            119.0807584,
            25.2290298
          ],
          [
            119.0812437,
            25.2286373
          ],
          [
            119.0816342,
            25.2282981
          ],
          [
            119.0823395,
            25.22761
          ],
          [
            119.0826434,
            25.2272839
          ],
          [
            119.0830671,
            25.2267939
          ],
          [
            119.0842743,
            25.225228
          ],
          [
            119.0847939,
            25.224552
          ],
          [
            119.0851115,
            25.2241781
          ],
          [
            119.0854445,
            25.2238204
          ],
          [
            119.0857297,
            25.2235291
          ],
          [
            119.0860577,
            25.2232201
          ],
          [
            119.0864175,
            25.2229181
          ],
          [
            119.0868264,
            25.2225887
          ],
          [
            119.0873888,
            25.2221555
          ],
          [
            119.0878297,
            25.2218177
          ],
          [
            119.0886311,
            25.221178
          ],
          [
            119.0893405,
            25.220526
          ],
          [
            119.0900751,
            25.2197595
          ],
          [
            119.0910209,
            25.2186247
          ]
        ]
      }
    },
    {
      "type": "Feature",
      "properties": {
        "name": "秀永高速",
        "ref": "S55",
        "highway": "motorway"
      },
      "geometry": {
        "type": "LineString",
        "coordinates": [
          [
            119.0910746,
            25.2187258
          ],
          [
            119.090295,
            25.2196586
          ],
          [
            119.0898507,
            25.2201553
          ],
          [
            119.0894567,
            25.2205629
          ],
          [
            119.0889434,
            25.2210346
          ],
          [
            119.0884438,
            25.2214718
          ],
          [
            119.0878289,
            25.2219558
          ],
          [
            119.0868464,
            25.2227066
          ],
          [
            119.0864211,
            25.2230444
          ],
          [
            119.0860595,
            25.2233621
          ],
          [
            119.0855631,
            25.2238501
          ],
          [
            119.0850296,
            25.2244346
          ],
          [
            119.0844872,
            25.2251143
          ],
          [
            119.0839804,
            25.2258033
          ],
          [
            119.0835448,
            25.226357
          ],
          [
            119.0831135,
            25.2268959
          ],
          [
            119.0827712,
            25.2272954
          ],
          [
            119.0824541,
            25.2276386
          ],
          [
            119.0820288,
            25.2280649
          ],
          [
            119.081559,
            25.2285059
          ],
          [
            119.0811293,
            25.2288665
          ],
          [
            119.0808329,
            25.2290998
          ]
        ]
      }
    },
    {
      "type": "Feature",
      "properties": {
        "name": "秀永高速",
        "ref": "S55",
        "highway": "motorway"
      },
      "geometry": {
        "type": "LineString",
        "coordinates": [
          [
            119.0921581,
            25.217446
          ],
          [
            119.0915817,
            25.218115
          ],
          [
            119.0910746,
            25.2187258
          ]
        ]
      }
    },
    {
      "type": "Feature",
      "properties": {
        "name": "秀永高速",
        "ref": "S55",
        "highway": "motorway"
      },
      "geometry": {
        "type": "LineString",
        "coordinates": [
          [
            119.0976283,
            25.2117082
          ],
          [
            119.0979981,
            25.2110848
          ],
          [
            119.0982542,
            25.2105499
          ],
          [
            119.0983904,
            25.2102301
          ],
          [
            119.0985225,
            25.20983
          ],
          [
            119.0986377,
            25.2094281
          ],
          [
            119.0988507,
            25.2082408
          ],
          [
            119.0988698,
            25.2081345
          ],
          [
            119.098929,
            25.2074517
          ],
          [
            119.0989349,
            25.2067385
          ],
          [
            119.0988879,
            25.2054695
          ],
          [
            119.098832,
            25.2043195
          ],
          [
            119.0987288,
            25.2032309
          ],
          [
            119.0986685,
            25.202156
          ],
          [
            119.0986601,
            25.2014771
          ],
          [
            119.0986727,
            25.2011339
          ],
          [
            119.0987143,
            25.2007224
          ],
          [
            119.0987744,
            25.2003209
          ],
          [
            119.0988876,
            25.1998297
          ],
          [
            119.0990384,
            25.1993708
          ],
          [
            119.0991998,
            25.1989499
          ],
          [
            119.0994094,
            25.1984967
          ],
          [
            119.0997097,
            25.1978755
          ],
          [
            119.1012448,
            25.1948308
          ],
          [
            119.1041178,
            25.1891024
          ],
          [
            119.1068814,
            25.1835778
          ],
          [
            119.1082483,
            25.1808241
          ],
          [
            119.1089042,
            25.1794389
          ],
          [
            119.109168,
            25.1787965
          ],
          [
            119.109324,
            25.178344
          ],
          [
            119.1094442,
            25.1779505
          ],
          [
            119.1095928,
            25.1773939
          ],
          [
            119.1097143,
            25.1767566
          ],
          [
            119.1098386,
            25.1756856
          ],
          [
            119.1101432,
            25.1730423
          ]
        ]
      }
    },
    {
      "type": "Feature",
      "properties": {
        "name": "秀永高速",
        "ref": "S55",
        "highway": "motorway"
      },
      "geometry": {
        "type": "LineString",
        "coordinates": [
          [
            119.0752637,
            25.235279
          ],
          [
            119.075336,
            25.2349528
          ],
          [
            119.0755042,
            25.234452
          ],
          [
            119.0756626,
            25.2340632
          ]
        ]
      }
    },
    {
      "type": "Feature",
      "properties": {
        "name": "秀永高速",
        "ref": "S55",
        "highway": "motorway"
      },
      "geometry": {
        "type": "LineString",
        "coordinates": [
          [
            119.0757608,
            25.2341005
          ],
          [
            119.0756351,
            25.234436
          ],
          [
            119.0754737,
            25.234891
          ],
          [
            119.0753668,
            25.23531
          ]
        ]
      }
    },
    {
      "type": "Feature",
      "properties": {
        "name": "秀永高速",
        "ref": "S55",
        "highway": "motorway"
      },
      "geometry": {
        "type": "LineString",
        "coordinates": [
          [
            119.1102518,
            25.1730556
          ],
          [
            119.110087,
            25.1743841
          ],
          [
            119.1099244,
            25.1758332
          ],
          [
            119.1098406,
            25.1765937
          ],
          [
            119.1097211,
            25.1772973
          ],
          [
            119.1095996,
            25.1777829
          ],
          [
            119.1094256,
            25.1783898
          ],
          [
            119.1092642,
            25.1788317
          ],
          [
            119.1090023,
            25.1794803
          ],
          [
            119.1086104,
            25.1803338
          ],
          [
            119.1079223,
            25.1817257
          ],
          [
            119.1066107,
            25.184358
          ],
          [
            119.1053592,
            25.1868575
          ],
          [
            119.1045703,
            25.188441
          ],
          [
            119.1038724,
            25.1898065
          ],
          [
            119.1028573,
            25.1918581
          ],
          [
            119.1021909,
            25.1931837
          ],
          [
            119.1015181,
            25.1945282
          ],
          [
            119.1008831,
            25.1957969
          ],
          [
            119.1001685,
            25.1972115
          ],
          [
            119.0996592,
            25.1982071
          ],
          [
            119.0993638,
            25.1988366
          ],
          [
            119.0991206,
            25.1994624
          ],
          [
            119.0989928,
            25.1998606
          ],
          [
            119.0989069,
            25.2002361
          ],
          [
            119.098821,
            25.2007462
          ],
          [
            119.098779,
            25.2011273
          ],
          [
            119.0987644,
            25.2015691
          ],
          [
            119.0987749,
            25.2022138
          ],
          [
            119.0988147,
            25.2029932
          ],
          [
            119.0988482,
            25.2034521
          ],
          [
            119.0989132,
            25.2040437
          ],
          [
            119.0989604,
            25.2046393
          ],
          [
            119.0990021,
            25.2054707
          ],
          [
            119.0990347,
            25.2064213
          ],
          [
            119.0990395,
            25.207237
          ],
          [
            119.0990232,
            25.207658
          ],
          [
            119.0989714,
            25.2081152
          ],
          [
            119.0989165,
            25.208547
          ],
          [
            119.0988721,
            25.2088057
          ],
          [
            119.0987565,
            25.209389
          ],
          [
            119.0986498,
            25.2097805
          ],
          [
            119.0984646,
            25.2103154
          ],
          [
            119.0982126,
            25.2108933
          ],
          [
            119.09798,
            25.2113303
          ],
          [
            119.0977369,
            25.2117326
          ]
        ]
      }
    },
    {
      "type": "Feature",
      "properties": {
        "name": "秀永高速",
        "ref": "S55",
        "highway": "motorway"
      },
      "geometry": {
        "type": "LineString",
        "coordinates": [
          [
            119.0745509,
            25.2412072
          ],
          [
            119.074368,
            25.242808
          ],
          [
            119.074082,
            25.2436417
          ],
          [
            119.0734516,
            25.2456354
          ],
          [
            119.07191,
            25.250486
          ],
          [
            119.07145,
            25.251667
          ],
          [
            119.070861,
            25.252819
          ],
          [
            119.070131,
            25.253936
          ],
          [
            119.069235,
            25.254987
          ],
          [
            119.061197,
            25.26407
          ],
          [
            119.060339,
            25.265139
          ],
          [
            119.059622,
            25.266197
          ],
          [
            119.059034,
            25.26737
          ],
          [
            119.058496,
            25.268614
          ],
          [
            119.0582523,
            25.2695228
          ],
          [
            119.058163,
            25.269856
          ],
          [
            119.05792,
            25.271189
          ],
          [
            119.057843,
            25.272592
          ],
          [
            119.057869,
            25.27397
          ],
          [
            119.058048,
            25.276739
          ],
          [
            119.057971,
            25.278139
          ],
          [
            119.057715,
            25.279405
          ],
          [
            119.057254,
            25.280573
          ],
          [
            119.056141,
            25.282968
          ],
          [
            119.055744,
            25.284104
          ],
          [
            119.055501,
            25.285237
          ],
          [
            119.055398,
            25.286381
          ],
          [
            119.055322,
            25.288278
          ],
          [
            119.055411,
            25.288467
          ],
          [
            119.056486,
            25.292466
          ],
          [
            119.056666,
            25.293414
          ],
          [
            119.056755,
            25.29436
          ],
          [
            119.056755,
            25.295368
          ],
          [
            119.056563,
            25.297587
          ],
          [
            119.055795,
            25.303531
          ],
          [
            119.055578,
            25.304691
          ],
          [
            119.055181,
            25.305822
          ],
          [
            119.054541,
            25.306976
          ],
          [
            119.053722,
            25.308013
          ],
          [
            119.051776,
            25.309842
          ],
          [
            119.050816,
            25.310846
          ],
          [
            119.050086,
            25.31203
          ],
          [
            119.049664,
            25.313357
          ],
          [
            119.04951,
            25.314749
          ],
          [
            119.049498,
            25.318808
          ],
          [
            119.049382,
            25.321531
          ],
          [
            119.0489359,
            25.3247609
          ]
        ]
      }
    },
    {
      "type": "Feature",
      "properties": {
        "name": "秀永高速",
        "ref": "S55",
        "highway": "motorway"
      },
      "geometry": {
        "type": "LineString",
        "coordinates": [
          [
            119.0753668,
            25.23531
          ],
          [
            119.0752075,
            25.2361194
          ],
          [
            119.0750713,
            25.2370369
          ],
          [
            119.0747966,
            25.2391584
          ],
          [
            119.074688,
            25.240467
          ],
          [
            119.0745509,
            25.2412072
          ]
        ]
      }
    },
    {
      "type": "Feature",
      "properties": {
        "name": "秀永高速",
        "ref": "S55",
        "highway": "motorway"
      },
      "geometry": {
        "type": "LineString",
        "coordinates": [
          [
            119.0744398,
            25.241192
          ],
          [
            119.0745514,
            25.2404403
          ],
          [
            119.0747327,
            25.2387653
          ],
          [
            119.0747888,
            25.2382259
          ],
          [
            119.075095,
            25.2361255
          ],
          [
            119.0752637,
            25.235279
          ]
        ]
      }
    },
    {
      "type": "Feature",
      "properties": {
        "name": "秀永高速",
        "ref": "S55",
        "highway": "motorway"
      },
      "geometry": {
        "type": "LineString",
        "coordinates": [
          [
            118.7896202,
            25.3879243
          ],
          [
            118.788923,
            25.3881715
          ]
        ]
      }
    },
    {
      "type": "Feature",
      "properties": {
        "name": "秀永高速",
        "ref": "S55",
        "highway": "motorway"
      },
      "geometry": {
        "type": "LineString",
        "coordinates": [
          [
            118.7888577,
            25.3880982
          ],
          [
            118.7895533,
            25.3878448
          ]
        ]
      }
    },
    {
      "type": "Feature",
      "properties": {
        "name": "秀永高速",
        "ref": "S55",
        "highway": "motorway"
      },
      "geometry": {
        "type": "LineString",
        "coordinates": [
          [
            118.788923,
            25.3881715
          ],
          [
            118.7877945,
            25.3885622
          ],
          [
            118.7869212,
            25.3888843
          ],
          [
            118.7849601,
            25.3893967
          ],
          [
            118.7846752,
            25.3894478
          ]
        ]
      }
    },
    {
      "type": "Feature",
      "properties": {
        "name": "秀永高速",
        "ref": "S55",
        "highway": "motorway"
      },
      "geometry": {
        "type": "LineString",
        "coordinates": [
          [
            118.7895533,
            25.3878448
          ],
          [
            118.7903947,
            25.38752
          ],
          [
            118.791247,
            25.3872161
          ],
          [
            118.7925018,
            25.3867585
          ],
          [
            118.7938337,
            25.3862006
          ],
          [
            118.7952264,
            25.3857649
          ],
          [
            118.7961536,
            25.3854341
          ],
          [
            118.7967441,
            25.3852009
          ],
          [
            118.7978882,
            25.3847337
          ],
          [
            118.7989068,
            25.384363
          ],
          [
            118.8001338,
            25.3836367
          ],
          [
            118.8011317,
            25.3828118
          ],
          [
            118.8027228,
            25.3813744
          ],
          [
            118.8042635,
            25.3802568
          ],
          [
            118.8057689,
            25.3795669
          ],
          [
            118.8074446,
            25.3791343
          ],
          [
            118.8094087,
            25.3789198
          ],
          [
            118.8118516,
            25.3786681
          ],
          [
            118.8133641,
            25.3784372
          ],
          [
            118.8144209,
            25.3781698
          ],
          [
            118.8153481,
            25.3778081
          ],
          [
            118.8162346,
            25.3773313
          ],
          [
            118.8176864,
            25.3763283
          ],
          [
            118.8192378,
            25.3752185
          ],
          [
            118.8206719,
            25.3744529
          ],
          [
            118.8220666,
            25.3739606
          ],
          [
            118.8231161,
            25.3737631
          ],
          [
            118.8243557,
            25.3736648
          ],
          [
            118.8257038,
            25.3737041
          ],
          [
            118.8272361,
            25.3739381
          ],
          [
            118.8284335,
            25.374112
          ],
          [
            118.8296265,
            25.3742275
          ],
          [
            118.8308558,
            25.3742658
          ],
          [
            118.832557,
            25.3740929
          ],
          [
            118.8344857,
            25.3737637
          ],
          [
            118.8360613,
            25.3735492
          ],
          [
            118.8373019,
            25.3734902
          ],
          [
            118.8388077,
            25.3736282
          ],
          [
            118.8405023,
            25.3741189
          ],
          [
            118.8419283,
            25.3746851
          ],
          [
            118.8440124,
            25.3756266
          ]
        ]
      }
    },
    {
      "type": "Feature",
      "properties": {
        "name": "秀永高速",
        "ref": "S55",
        "highway": "motorway"
      },
      "geometry": {
        "type": "LineString",
        "coordinates": [
          [
            118.8944387,
            25.3895683
          ],
          [
            118.8950919,
            25.3899091
          ]
        ]
      }
    },
    {
      "type": "Feature",
      "properties": {
        "name": "秀永高速",
        "ref": "S55",
        "highway": "motorway"
      },
      "geometry": {
        "type": "LineString",
        "coordinates": [
          [
            118.8950285,
            25.389981
          ],
          [
            118.8943811,
            25.389648
          ]
        ]
      }
    },
    {
      "type": "Feature",
      "properties": {
        "name": "秀永高速",
        "ref": "S55",
        "highway": "motorway"
      },
      "geometry": {
        "type": "LineString",
        "coordinates": [
          [
            118.8950919,
            25.3899091
          ],
          [
            118.8971834,
            25.3911044
          ],
          [
            118.8983204,
            25.391711
          ],
          [
            118.8989309,
            25.3919949
          ],
          [
            118.8997017,
            25.3923238
          ],
          [
            118.90047,
            25.3925963
          ],
          [
            118.9016392,
            25.3929755
          ],
          [
            118.9044849,
            25.3935356
          ],
          [
            118.9069081,
            25.3935356
          ],
          [
            118.9092032,
            25.39319
          ],
          [
            118.9121949,
            25.3922833
          ],
          [
            118.9150165,
            25.3909961
          ],
          [
            118.9162495,
            25.3906279
          ],
          [
            118.9182191,
            25.390261
          ],
          [
            118.9192217,
            25.3900973
          ],
          [
            118.9205426,
            25.3900259
          ],
          [
            118.9228294,
            25.3902214
          ],
          [
            118.9239246,
            25.390269
          ]
        ]
      }
    },
    {
      "type": "Feature",
      "properties": {
        "name": "秀永高速",
        "ref": "S55",
        "highway": "motorway"
      },
      "geometry": {
        "type": "LineString",
        "coordinates": [
          [
            118.8439994,
            25.3757616
          ],
          [
            118.841869,
            25.3747992
          ],
          [
            118.8404528,
            25.374237
          ],
          [
            118.8387791,
            25.3737523
          ],
          [
            118.8372985,
            25.3736166
          ],
          [
            118.8360754,
            25.3736747
          ],
          [
            118.834509,
            25.373888
          ],
          [
            118.8325778,
            25.3742176
          ],
          [
            118.8308612,
            25.3743921
          ],
          [
            118.8296167,
            25.3743533
          ],
          [
            118.828415,
            25.374237
          ],
          [
            118.8272134,
            25.3740625
          ],
          [
            118.8256899,
            25.3738298
          ],
          [
            118.8243595,
            25.3737911
          ],
          [
            118.8231364,
            25.373888
          ],
          [
            118.8221065,
            25.3740819
          ],
          [
            118.8207332,
            25.3745666
          ],
          [
            118.819317,
            25.3753227
          ],
          [
            118.817772,
            25.3764278
          ],
          [
            118.8163129,
            25.3774359
          ],
          [
            118.8154117,
            25.3779206
          ],
          [
            118.8144675,
            25.3782889
          ],
          [
            118.8133947,
            25.3785603
          ],
          [
            118.8118712,
            25.378793
          ],
          [
            118.809425,
            25.379045
          ],
          [
            118.8074723,
            25.3792583
          ],
          [
            118.8070841,
            25.3793585
          ],
          [
            118.8058201,
            25.3796848
          ],
          [
            118.8043395,
            25.3803633
          ],
          [
            118.802816,
            25.3814683
          ],
          [
            118.8012282,
            25.3829029
          ],
          [
            118.8002197,
            25.3837365
          ],
          [
            118.7989751,
            25.3844732
          ],
          [
            118.7975699,
            25.3849531
          ],
          [
            118.7952883,
            25.3858351
          ],
          [
            118.7943802,
            25.38611
          ],
          [
            118.793845,
            25.3862902
          ],
          [
            118.7925379,
            25.3868379
          ],
          [
            118.791302,
            25.3872997
          ],
          [
            118.7904172,
            25.3876157
          ],
          [
            118.7896202,
            25.3879243
          ]
        ]
      }
    },
    {
      "type": "Feature",
      "properties": {
        "name": "秀永高速",
        "ref": "S55",
        "highway": "motorway"
      },
      "geometry": {
        "type": "LineString",
        "coordinates": [
          [
            118.9390033,
            25.3976888
          ],
          [
            118.9391764,
            25.3978628
          ],
          [
            118.9396128,
            25.3983632
          ],
          [
            118.9404611,
            25.3996941
          ],
          [
            118.9423006,
            25.4029452
          ],
          [
            118.9442956,
            25.4049789
          ],
          [
            118.9471757,
            25.4063546
          ],
          [
            118.9509711,
            25.407109
          ],
          [
            118.9569584,
            25.4079201
          ]
        ]
      }
    },
    {
      "type": "Feature",
      "properties": {
        "name": "秀永高速",
        "ref": "S55",
        "highway": "motorway"
      },
      "geometry": {
        "type": "LineString",
        "coordinates": [
          [
            118.9242225,
            25.3906998
          ],
          [
            118.9221624,
            25.390495
          ],
          [
            118.9207168,
            25.3903812
          ],
          [
            118.9195161,
            25.3903661
          ],
          [
            118.91853,
            25.3904988
          ],
          [
            118.9172437,
            25.3906665
          ],
          [
            118.915942,
            25.3909572
          ],
          [
            118.9149998,
            25.3911827
          ],
          [
            118.9122433,
            25.3924016
          ],
          [
            118.9092371,
            25.3933127
          ],
          [
            118.9069196,
            25.3936616
          ],
          [
            118.9044735,
            25.3936616
          ],
          [
            118.9015395,
            25.3930351
          ],
          [
            118.9008956,
            25.3928344
          ],
          [
            118.899961,
            25.3925229
          ],
          [
            118.8992588,
            25.3922544
          ],
          [
            118.8985458,
            25.3919314
          ],
          [
            118.8978785,
            25.3916038
          ],
          [
            118.8971303,
            25.3911986
          ],
          [
            118.8950285,
            25.389981
          ]
        ]
      }
    },
    {
      "type": "Feature",
      "properties": {
        "name": "秀永高速",
        "ref": "S55",
        "highway": "motorway"
      },
      "geometry": {
        "type": "LineString",
        "coordinates": [
          [
            118.9239246,
            25.390269
          ],
          [
            118.9253754,
            25.390483
          ],
          [
            118.9270519,
            25.3909679
          ],
          [
            118.9299578,
            25.3921336
          ],
          [
            118.9334372,
            25.3937409
          ],
          [
            118.9350351,
            25.3946673
          ],
          [
            118.9366679,
            25.3957064
          ]
        ]
      }
    },
    {
      "type": "Feature",
      "properties": {
        "name": "秀永高速",
        "ref": "S55",
        "highway": "motorway"
      },
      "geometry": {
        "type": "LineString",
        "coordinates": [
          [
            118.9364048,
            25.3959144
          ],
          [
            118.9346429,
            25.3948179
          ],
          [
            118.9314955,
            25.3933003
          ],
          [
            118.9278029,
            25.3916638
          ],
          [
            118.9255759,
            25.3909236
          ],
          [
            118.9242225,
            25.3906998
          ]
        ]
      }
    },
    {
      "type": "Feature",
      "properties": {
        "name": "秀永高速",
        "ref": "S55",
        "highway": "motorway"
      },
      "geometry": {
        "type": "LineString",
        "coordinates": [
          [
            118.4496184,
            25.3876622
          ],
          [
            118.4525873,
            25.3888149
          ],
          [
            118.45716,
            25.3901195
          ],
          [
            118.4628368,
            25.3912321
          ],
          [
            118.4676926,
            25.3919355
          ],
          [
            118.4729448,
            25.3924983
          ],
          [
            118.4776873,
            25.3928563
          ],
          [
            118.4858982,
            25.3933295
          ],
          [
            118.4919095,
            25.3935654
          ]
        ]
      }
    },
    {
      "type": "Feature",
      "properties": {
        "name": "沈海高速",
        "ref": "G15",
        "highway": "motorway"
      },
      "geometry": {
        "type": "LineString",
        "coordinates": [
          [
            118.8928913,
            25.2731227
          ],
          [
            118.8919608,
            25.2727854
          ],
          [
            118.8912028,
            25.2724753
          ],
          [
            118.8903304,
            25.2720846
          ],
          [
            118.8893775,
            25.2716059
          ],
          [
            118.8884543,
            25.2711234
          ],
          [
            118.8874337,
            25.2705068
          ],
          [
            118.8863453,
            25.2697945
          ],
          [
            118.8853925,
            25.2690286
          ],
          [
            118.8845008,
            25.2682776
          ]
        ]
      }
    },
    {
      "type": "Feature",
      "properties": {
        "name": "沈海高速",
        "ref": "G15",
        "highway": "motorway"
      },
      "geometry": {
        "type": "LineString",
        "coordinates": [
          [
            118.8847149,
            25.2682473
          ],
          [
            118.8855492,
            25.2689443
          ],
          [
            118.8865232,
            25.2696834
          ],
          [
            118.8875735,
            25.2703651
          ],
          [
            118.8885602,
            25.2709855
          ],
          [
            118.8893648,
            25.2714068
          ],
          [
            118.8903855,
            25.2719276
          ],
          [
            118.8912621,
            25.2723106
          ],
          [
            118.8919863,
            25.2726246
          ],
          [
            118.8928626,
            25.2729342
          ]
        ]
      }
    },
    {
      "type": "Feature",
      "properties": {
        "name": "沈海高速",
        "ref": "G15",
        "highway": "motorway"
      },
      "geometry": {
        "type": "LineString",
        "coordinates": [
          [
            118.8932912,
            25.2732693
          ],
          [
            118.8928913,
            25.2731227
          ]
        ]
      }
    },
    {
      "type": "Feature",
      "properties": {
        "name": "沈海高速",
        "ref": "G15",
        "highway": "motorway"
      },
      "geometry": {
        "type": "LineString",
        "coordinates": [
          [
            118.8928626,
            25.2729342
          ],
          [
            118.8932299,
            25.273059
          ]
        ]
      }
    },
    {
      "type": "Feature",
      "properties": {
        "name": "莆炎高速",
        "ref": "G1517",
        "highway": "motorway"
      },
      "geometry": {
        "type": "LineString",
        "coordinates": [
          [
            119.1665397,
            25.5237449
          ],
          [
            119.1628822,
            25.5261361
          ],
          [
            119.1584906,
            25.527837
          ]
        ]
      }
    },
    {
      "type": "Feature",
      "properties": {
        "name": "沈海高速",
        "ref": "G15",
        "highway": "motorway"
      },
      "geometry": {
        "type": "LineString",
        "coordinates": [
          [
            118.8822283,
            25.266065
          ],
          [
            118.8819256,
            25.2657351
          ]
        ]
      }
    },
    {
      "type": "Feature",
      "properties": {
        "name": "沈海高速",
        "ref": "G15",
        "highway": "motorway"
      },
      "geometry": {
        "type": "LineString",
        "coordinates": [
          [
            118.8823706,
            25.2659873
          ],
          [
            118.8835517,
            25.2672633
          ],
          [
            118.8842916,
            25.2678732
          ]
        ]
      }
    },
    {
      "type": "Feature",
      "properties": {
        "name": "沈海高速",
        "ref": "G15",
        "highway": "motorway"
      },
      "geometry": {
        "type": "LineString",
        "coordinates": [
          [
            118.8820626,
            25.265646
          ],
          [
            118.8821,
            25.265695
          ],
          [
            118.8823706,
            25.2659873
          ]
        ]
      }
    },
    {
      "type": "Feature",
      "properties": {
        "name": "沈海高速",
        "ref": "G15",
        "highway": "motorway"
      },
      "geometry": {
        "type": "LineString",
        "coordinates": [
          [
            118.8839979,
            25.2678325
          ],
          [
            118.88359,
            25.2674667
          ],
          [
            118.88282,
            25.26671
          ],
          [
            118.8822283,
            25.266065
          ]
        ]
      }
    },
    {
      "type": "Feature",
      "properties": {
        "name": "莆炎高速",
        "ref": "G1517",
        "highway": "motorway"
      },
      "geometry": {
        "type": "LineString",
        "coordinates": [
          [
            118.8014132,
            25.6749938
          ],
          [
            118.7982877,
            25.6771685
          ],
          [
            118.7943482,
            25.6806419
          ]
        ]
      }
    },
    {
      "type": "Feature",
      "properties": {
        "name": "莆炎高速",
        "ref": "G1517",
        "highway": "motorway"
      },
      "geometry": {
        "type": "LineString",
        "coordinates": [
          [
            118.878046,
            25.6550904
          ],
          [
            118.8064954,
            25.6723501
          ],
          [
            118.8014132,
            25.6749938
          ]
        ]
      }
    },
    {
      "type": "Feature",
      "properties": {
        "name": "莆炎高速",
        "ref": "G1517",
        "highway": "motorway"
      },
      "geometry": {
        "type": "LineString",
        "coordinates": [
          [
            119.1940286,
            25.4967934
          ],
          [
            119.1943545,
            25.4966386
          ],
          [
            119.195167,
            25.4961606
          ],
          [
            119.1958402,
            25.4956923
          ],
          [
            119.196762,
            25.4949415
          ],
          [
            119.1979655,
            25.49399
          ],
          [
            119.1988517,
            25.49322
          ],
          [
            119.2000138,
            25.492239
          ],
          [
            119.2012598,
            25.4911855
          ],
          [
            119.2020735,
            25.4904715
          ],
          [
            119.2030187,
            25.489594
          ],
          [
            119.2033763,
            25.4891971
          ],
          [
            119.2036936,
            25.4888023
          ],
          [
            119.2040721,
            25.4882752
          ],
          [
            119.2044122,
            25.4877091
          ],
          [
            119.2046704,
            25.4871831
          ]
        ]
      }
    },
    {
      "type": "Feature",
      "properties": {
        "name": "莆炎高速",
        "ref": "G1517",
        "highway": "motorway"
      },
      "geometry": {
        "type": "LineString",
        "coordinates": [
          [
            119.2047972,
            25.48724
          ],
          [
            119.2044959,
            25.4878092
          ],
          [
            119.2041979,
            25.4883097
          ],
          [
            119.2038335,
            25.4888241
          ],
          [
            119.2035351,
            25.4892209
          ],
          [
            119.2031281,
            25.4896652
          ],
          [
            119.2027567,
            25.4900219
          ],
          [
            119.2021742,
            25.4905571
          ],
          [
            119.2012848,
            25.4913193
          ],
          [
            119.2006091,
            25.4918987
          ],
          [
            119.1999215,
            25.4924822
          ],
          [
            119.1980803,
            25.4940527
          ],
          [
            119.1970536,
            25.4948757
          ],
          [
            119.196061,
            25.4956904
          ],
          [
            119.1954232,
            25.4961546
          ],
          [
            119.1948669,
            25.496507
          ],
          [
            119.1940951,
            25.4969172
          ]
        ]
      }
    },
    {
      "type": "Feature",
      "properties": {
        "name": "莆炎高速",
        "ref": "G1517",
        "highway": "motorway"
      },
      "geometry": {
        "type": "LineString",
        "coordinates": [
          [
            119.2046704,
            25.4871831
          ],
          [
            119.2048773,
            25.4867441
          ]
        ]
      }
    },
    {
      "type": "Feature",
      "properties": {
        "name": "莆炎高速",
        "ref": "G1517",
        "highway": "motorway"
      },
      "geometry": {
        "type": "LineString",
        "coordinates": [
          [
            119.1902489,
            25.4979622
          ],
          [
            119.1906455,
            25.4978809
          ]
        ]
      }
    },
    {
      "type": "Feature",
      "properties": {
        "name": "莆炎高速",
        "ref": "G1517",
        "highway": "motorway"
      },
      "geometry": {
        "type": "LineString",
        "coordinates": [
          [
            119.2050533,
            25.4866822
          ],
          [
            119.2047972,
            25.48724
          ]
        ]
      }
    },
    {
      "type": "Feature",
      "properties": {
        "name": "莆炎高速",
        "ref": "G1517",
        "highway": "motorway"
      },
      "geometry": {
        "type": "LineString",
        "coordinates": [
          [
            119.1907013,
            25.4980164
          ],
          [
            119.1903089,
            25.4981073
          ]
        ]
      }
    },
    {
      "type": "Feature",
      "properties": {
        "name": "莆炎高速",
        "ref": "G1517",
        "highway": "motorway"
      },
      "geometry": {
        "type": "LineString",
        "coordinates": [
          [
            119.1940951,
            25.4969172
          ],
          [
            119.1931185,
            25.4973471
          ],
          [
            119.1921377,
            25.49767
          ],
          [
            119.1907013,
            25.4980164
          ]
        ]
      }
    },
    {
      "type": "Feature",
      "properties": {
        "name": "莆炎高速",
        "ref": "G1517",
        "highway": "motorway"
      },
      "geometry": {
        "type": "LineString",
        "coordinates": [
          [
            119.1903089,
            25.4981073
          ],
          [
            119.1885134,
            25.4985835
          ],
          [
            119.1875184,
            25.49896
          ],
          [
            119.1867415,
            25.4993206
          ],
          [
            119.1860104,
            25.4997153
          ],
          [
            119.1851625,
            25.5002709
          ],
          [
            119.184499,
            25.5007835
          ],
          [
            119.1838206,
            25.5014128
          ],
          [
            119.1829511,
            25.5022851
          ],
          [
            119.1821257,
            25.5031384
          ],
          [
            119.1816605,
            25.5036125
          ],
          [
            119.1812081,
            25.5040324
          ],
          [
            119.1807601,
            25.5044213
          ],
          [
            119.1802641,
            25.5048212
          ],
          [
            119.1797246,
            25.5052049
          ],
          [
            119.179135,
            25.5055881
          ],
          [
            119.1780373,
            25.5062247
          ],
          [
            119.1768946,
            25.5069
          ],
          [
            119.1760662,
            25.5074442
          ],
          [
            119.1755676,
            25.5078229
          ],
          [
            119.1750852,
            25.508237
          ],
          [
            119.1745514,
            25.5087904
          ],
          [
            119.1741277,
            25.5093166
          ],
          [
            119.1737495,
            25.5098778
          ],
          [
            119.1733658,
            25.5104853
          ],
          [
            119.1730742,
            25.5110232
          ],
          [
            119.1728598,
            25.5115069
          ],
          [
            119.1726454,
            25.512039
          ],
          [
            119.1721223,
            25.5131225
          ],
          [
            119.1717536,
            25.5137939
          ],
          [
            119.171432,
            25.5144015
          ],
          [
            119.171164,
            25.5150593
          ],
          [
            119.1707181,
            25.5160615
          ],
          [
            119.1704394,
            25.5166632
          ],
          [
            119.1700192,
            25.5177564
          ],
          [
            119.1698284,
            25.5182323
          ],
          [
            119.1695683,
            25.5187551
          ],
          [
            119.1690523,
            25.5199465
          ],
          [
            119.1685656,
            25.5209874
          ],
          [
            119.1683019,
            25.521473
          ],
          [
            119.1679996,
            25.5219779
          ],
          [
            119.1676545,
            25.5225003
          ],
          [
            119.1672723,
            25.5229652
          ],
          [
            119.1665397,
            25.5237449
          ]
        ]
      }
    },
    {
      "type": "Feature",
      "properties": {
        "name": "莆炎高速",
        "ref": "G1517",
        "highway": "motorway"
      },
      "geometry": {
        "type": "LineString",
        "coordinates": [
          [
            119.1906455,
            25.4978809
          ],
          [
            119.1916553,
            25.4976526
          ],
          [
            119.1924882,
            25.4974129
          ],
          [
            119.193141,
            25.4971881
          ],
          [
            119.1940286,
            25.4967934
          ]
        ]
      }
    },
    {
      "type": "Feature",
      "properties": {
        "name": "沈海高速",
        "ref": "G15",
        "highway": "motorway"
      },
      "geometry": {
        "type": "LineString",
        "coordinates": [
          [
            119.1975438,
            25.4774048
          ],
          [
            119.1969898,
            25.4769408
          ]
        ]
      }
    },
    {
      "type": "Feature",
      "properties": {
        "name": "沈海高速",
        "ref": "G15",
        "highway": "motorway"
      },
      "geometry": {
        "type": "LineString",
        "coordinates": [
          [
            119.2057443,
            25.4816789
          ],
          [
            119.2039486,
            25.4810141
          ],
          [
            119.2025238,
            25.4803778
          ],
          [
            119.2013403,
            25.4798501
          ],
          [
            119.1997165,
            25.4789976
          ]
        ]
      }
    },
    {
      "type": "Feature",
      "properties": {
        "name": "沈海高速",
        "ref": "G15",
        "highway": "motorway"
      },
      "geometry": {
        "type": "LineString",
        "coordinates": [
          [
            119.1971043,
            25.4766766
          ],
          [
            119.1976347,
            25.4771451
          ]
        ]
      }
    },
    {
      "type": "Feature",
      "properties": {
        "name": "沈海高速",
        "ref": "G15",
        "highway": "motorway"
      },
      "geometry": {
        "type": "LineString",
        "coordinates": [
          [
            119.1984869,
            25.4778685
          ],
          [
            119.1998322,
            25.4788093
          ],
          [
            119.2013286,
            25.4796369
          ],
          [
            119.2026526,
            25.4802612
          ],
          [
            119.2042188,
            25.4808642
          ],
          [
            119.2057115,
            25.4813767
          ]
        ]
      }
    },
    {
      "type": "Feature",
      "properties": {
        "name": "沈海高速",
        "ref": "G15",
        "highway": "motorway"
      },
      "geometry": {
        "type": "LineString",
        "coordinates": [
          [
            119.1833615,
            25.4681902
          ],
          [
            119.1827849,
            25.4679977
          ]
        ]
      }
    },
    {
      "type": "Feature",
      "properties": {
        "name": "沈海高速",
        "ref": "G15",
        "highway": "motorway"
      },
      "geometry": {
        "type": "LineString",
        "coordinates": [
          [
            119.1969898,
            25.4769408
          ],
          [
            119.193465,
            25.473815
          ],
          [
            119.1914517,
            25.472105
          ],
          [
            119.19038,
            25.4713283
          ],
          [
            119.18858,
            25.470225
          ],
          [
            119.1874433,
            25.46969
          ],
          [
            119.1863198,
            25.4692377
          ]
        ]
      }
    },
    {
      "type": "Feature",
      "properties": {
        "name": "沈海高速",
        "ref": "G15",
        "highway": "motorway"
      },
      "geometry": {
        "type": "LineString",
        "coordinates": [
          [
            119.1827437,
            25.4678207
          ],
          [
            119.1833347,
            25.4680343
          ]
        ]
      }
    },
    {
      "type": "Feature",
      "properties": {
        "name": "沈海高速",
        "ref": "G15",
        "highway": "motorway"
      },
      "geometry": {
        "type": "LineString",
        "coordinates": [
          [
            119.1863553,
            25.4690958
          ],
          [
            119.1875249,
            25.4695802
          ],
          [
            119.1890269,
            25.470297
          ],
          [
            119.190191,
            25.4709798
          ],
          [
            119.1914463,
            25.4718032
          ],
          [
            119.192369,
            25.4725441
          ],
          [
            119.1934406,
            25.4734365
          ],
          [
            119.1944481,
            25.4743131
          ],
          [
            119.1959953,
            25.4756968
          ],
          [
            119.1971043,
            25.4766766
          ]
        ]
      }
    },
    {
      "type": "Feature",
      "properties": {
        "name": "莆炎高速",
        "ref": "G1517",
        "highway": "motorway"
      },
      "geometry": {
        "type": "LineString",
        "coordinates": [
          [
            119.1025536,
            25.4134356
          ],
          [
            119.1038454,
            25.4123308
          ],
          [
            119.1044961,
            25.4117743
          ],
          [
            119.1054091,
            25.4107435
          ],
          [
            119.1060945,
            25.4098058
          ],
          [
            119.1063385,
            25.409472
          ],
          [
            119.1072006,
            25.407872
          ],
          [
            119.1097465,
            25.4026947
          ],
          [
            119.1125649,
            25.3970424
          ],
          [
            119.1128673,
            25.3964003
          ],
          [
            119.1132253,
            25.3955366
          ],
          [
            119.1135267,
            25.3946793
          ],
          [
            119.1136959,
            25.3941366
          ],
          [
            119.1138298,
            25.3935844
          ],
          [
            119.1139353,
            25.3930802
          ],
          [
            119.1141469,
            25.3918247
          ],
          [
            119.1141933,
            25.3913923
          ],
          [
            119.1145177,
            25.3844268
          ],
          [
            119.1147613,
            25.379085
          ],
          [
            119.1148234,
            25.378231
          ],
          [
            119.1149314,
            25.3773418
          ],
          [
            119.1150945,
            25.3765068
          ],
          [
            119.1153236,
            25.3757364
          ],
          [
            119.1156114,
            25.3749725
          ],
          [
            119.1159446,
            25.3742717
          ],
          [
            119.1163132,
            25.3735901
          ]
        ]
      }
    },
    {
      "type": "Feature",
      "properties": {
        "name": "莆炎高速",
        "ref": "G1517",
        "highway": "motorway"
      },
      "geometry": {
        "type": "LineString",
        "coordinates": [
          [
            119.1192656,
            25.3698112
          ],
          [
            119.1195729,
            25.369367
          ],
          [
            119.1198944,
            25.3688589
          ]
        ]
      }
    },
    {
      "type": "Feature",
      "properties": {
        "name": "莆炎高速",
        "ref": "G1517",
        "highway": "motorway"
      },
      "geometry": {
        "type": "LineString",
        "coordinates": [
          [
            119.1198944,
            25.3688589
          ],
          [
            119.120347,
            25.3679486
          ],
          [
            119.1205212,
            25.3675181
          ],
          [
            119.1206812,
            25.3671038
          ],
          [
            119.120834,
            25.3666512
          ],
          [
            119.1210046,
            25.3659399
          ],
          [
            119.1211326,
            25.365235
          ]
        ]
      }
    },
    {
      "type": "Feature",
      "properties": {
        "name": "莆炎高速",
        "ref": "G1517",
        "highway": "motorway"
      },
      "geometry": {
        "type": "LineString",
        "coordinates": [
          [
            119.1211326,
            25.365235
          ],
          [
            119.1211937,
            25.3647971
          ],
          [
            119.1212265,
            25.3643335
          ],
          [
            119.1212566,
            25.3634129
          ],
          [
            119.1208526,
            25.3593156
          ]
        ]
      }
    },
    {
      "type": "Feature",
      "properties": {
        "name": "莆炎高速",
        "ref": "G1517",
        "highway": "motorway"
      },
      "geometry": {
        "type": "LineString",
        "coordinates": [
          [
            119.1212522,
            25.3652831
          ],
          [
            119.1211238,
            25.3659835
          ],
          [
            119.1209671,
            25.3666519
          ],
          [
            119.1208208,
            25.3671298
          ],
          [
            119.1206389,
            25.36762
          ],
          [
            119.1204864,
            25.3679794
          ],
          [
            119.1199979,
            25.3689276
          ]
        ]
      }
    },
    {
      "type": "Feature",
      "properties": {
        "name": "莆炎高速",
        "ref": "G1517",
        "highway": "motorway"
      },
      "geometry": {
        "type": "LineString",
        "coordinates": [
          [
            119.1199979,
            25.3689276
          ],
          [
            119.119672,
            25.3694529
          ],
          [
            119.1193744,
            25.3698759
          ]
        ]
      }
    },
    {
      "type": "Feature",
      "properties": {
        "name": "莆炎高速",
        "ref": "G1517",
        "highway": "motorway"
      },
      "geometry": {
        "type": "LineString",
        "coordinates": [
          [
            119.1193744,
            25.3698759
          ],
          [
            119.1189211,
            25.3704752
          ],
          [
            119.1171116,
            25.3726481
          ],
          [
            119.1164338,
            25.3736318
          ]
        ]
      }
    },
    {
      "type": "Feature",
      "properties": {
        "name": "莆炎高速",
        "ref": "G1517",
        "highway": "motorway"
      },
      "geometry": {
        "type": "LineString",
        "coordinates": [
          [
            119.1164338,
            25.3736318
          ],
          [
            119.1160737,
            25.3743255
          ],
          [
            119.115742,
            25.3750319
          ],
          [
            119.1154488,
            25.375792
          ],
          [
            119.1152382,
            25.3765163
          ],
          [
            119.1150649,
            25.377357
          ],
          [
            119.1149483,
            25.3782617
          ],
          [
            119.1148846,
            25.3791133
          ],
          [
            119.1146594,
            25.3844041
          ],
          [
            119.1143375,
            25.3913795
          ],
          [
            119.1142915,
            25.3918753
          ],
          [
            119.1140963,
            25.3930713
          ],
          [
            119.1139868,
            25.3935662
          ],
          [
            119.1138507,
            25.3940822
          ],
          [
            119.1137145,
            25.3945471
          ],
          [
            119.1133737,
            25.3955161
          ],
          [
            119.1129621,
            25.3964659
          ],
          [
            119.1117607,
            25.3989323
          ],
          [
            119.1094094,
            25.4037594
          ],
          [
            119.1087166,
            25.4051818
          ],
          [
            119.1072852,
            25.408047
          ],
          [
            119.1063898,
            25.4097763
          ],
          [
            119.1046775,
            25.4118714
          ],
          [
            119.1038292,
            25.4125953
          ],
          [
            119.10267,
            25.4135846
          ]
        ]
      }
    },
    {
      "type": "Feature",
      "properties": {
        "name": "莆炎高速",
        "ref": "G1517",
        "highway": "motorway"
      },
      "geometry": {
        "type": "LineString",
        "coordinates": [
          [
            119.1163132,
            25.3735901
          ],
          [
            119.1170054,
            25.3725712
          ],
          [
            119.1188053,
            25.3703786
          ],
          [
            119.1192656,
            25.3698112
          ]
        ]
      }
    },
    {
      "type": "Feature",
      "properties": {
        "name": "莆炎高速",
        "ref": "G1517",
        "highway": "motorway"
      },
      "geometry": {
        "type": "LineString",
        "coordinates": [
          [
            118.882069,
            25.6513567
          ],
          [
            118.8833883,
            25.6504831
          ],
          [
            118.8844112,
            25.6499419
          ],
          [
            118.8859095,
            25.6493042
          ],
          [
            118.8877337,
            25.64869
          ],
          [
            118.8886157,
            25.6483733
          ]
        ]
      }
    },
    {
      "type": "Feature",
      "properties": {
        "name": "莆炎高速",
        "ref": "G1517",
        "highway": "motorway"
      },
      "geometry": {
        "type": "LineString",
        "coordinates": [
          [
            118.8012652,
            25.6747422
          ],
          [
            118.806374,
            25.6720895
          ],
          [
            118.8629408,
            25.6584554
          ],
          [
            118.877915,
            25.6547889
          ]
        ]
      }
    },
    {
      "type": "Feature",
      "properties": {
        "name": "莆炎高速",
        "ref": "G1517",
        "highway": "motorway"
      },
      "geometry": {
        "type": "LineString",
        "coordinates": [
          [
            118.7711657,
            25.6810489
          ],
          [
            118.7728527,
            25.6814122
          ],
          [
            118.7733526,
            25.6814658
          ],
          [
            118.7776546,
            25.6818115
          ],
          [
            118.7795395,
            25.6818396
          ]
        ]
      }
    },
    {
      "type": "Feature",
      "properties": {
        "name": "莆炎高速",
        "ref": "G1517",
        "highway": "motorway"
      },
      "geometry": {
        "type": "LineString",
        "coordinates": [
          [
            118.7795395,
            25.6818396
          ],
          [
            118.7826335,
            25.6816296
          ],
          [
            118.7836194,
            25.681605
          ],
          [
            118.785082,
            25.6816554
          ]
        ]
      }
    },
    {
      "type": "Feature",
      "properties": {
        "name": "莆炎高速",
        "ref": "G1517",
        "highway": "motorway"
      },
      "geometry": {
        "type": "LineString",
        "coordinates": [
          [
            118.7797848,
            25.6821393
          ],
          [
            118.7782824,
            25.6821681
          ],
          [
            118.7764685,
            25.6820694
          ],
          [
            118.772954,
            25.6817443
          ],
          [
            118.7709667,
            25.6813468
          ]
        ]
      }
    },
    {
      "type": "Feature",
      "properties": {
        "name": "莆炎高速",
        "ref": "G1517",
        "highway": "motorway"
      },
      "geometry": {
        "type": "LineString",
        "coordinates": [
          [
            118.7709667,
            25.6813468
          ],
          [
            118.7674551,
            25.6804867
          ]
        ]
      }
    },
    {
      "type": "Feature",
      "properties": {
        "name": "莆炎高速",
        "ref": "G1517",
        "highway": "motorway"
      },
      "geometry": {
        "type": "LineString",
        "coordinates": [
          [
            118.7912037,
            25.6818713
          ],
          [
            118.792034,
            25.6817209
          ],
          [
            118.7928041,
            25.681425
          ],
          [
            118.7935547,
            25.6809081
          ]
        ]
      }
    },
    {
      "type": "Feature",
      "properties": {
        "name": "莆炎高速",
        "ref": "G1517",
        "highway": "motorway"
      },
      "geometry": {
        "type": "LineString",
        "coordinates": [
          [
            118.7914386,
            25.6819951
          ],
          [
            118.7908355,
            25.6820565
          ],
          [
            118.7898681,
            25.6822105
          ],
          [
            118.7881923,
            25.6822213
          ]
        ]
      }
    },
    {
      "type": "Feature",
      "properties": {
        "name": "莆炎高速",
        "ref": "G1517",
        "highway": "motorway"
      },
      "geometry": {
        "type": "LineString",
        "coordinates": [
          [
            118.7936612,
            25.6810754
          ],
          [
            118.7930659,
            25.6814908
          ],
          [
            118.7924102,
            25.6817729
          ],
          [
            118.7914386,
            25.6819951
          ]
        ]
      }
    },
    {
      "type": "Feature",
      "properties": {
        "name": "莆炎高速",
        "ref": "G1517",
        "highway": "motorway"
      },
      "geometry": {
        "type": "LineString",
        "coordinates": [
          [
            118.7935547,
            25.6809081
          ],
          [
            118.7944899,
            25.6803523
          ]
        ]
      }
    },
    {
      "type": "Feature",
      "properties": {
        "name": "莆炎高速",
        "ref": "G1517",
        "highway": "motorway"
      },
      "geometry": {
        "type": "LineString",
        "coordinates": [
          [
            118.7943482,
            25.6806419
          ],
          [
            118.7936612,
            25.6810754
          ]
        ]
      }
    },
    {
      "type": "Feature",
      "properties": {
        "name": "莆炎高速",
        "ref": "G1517",
        "highway": "motorway"
      },
      "geometry": {
        "type": "LineString",
        "coordinates": [
          [
            118.7944899,
            25.6803523
          ],
          [
            118.7982488,
            25.6770328
          ],
          [
            118.8012652,
            25.6747422
          ]
        ]
      }
    },
    {
      "type": "Feature",
      "properties": {
        "name": "莆炎高速",
        "ref": "G1517",
        "highway": "motorway"
      },
      "geometry": {
        "type": "LineString",
        "coordinates": [
          [
            118.7674606,
            25.6801042
          ],
          [
            118.7711657,
            25.6810489
          ]
        ]
      }
    },
    {
      "type": "Feature",
      "properties": {
        "name": "莆炎高速",
        "ref": "G1517",
        "highway": "motorway"
      },
      "geometry": {
        "type": "LineString",
        "coordinates": [
          [
            118.7674551,
            25.6804867
          ],
          [
            118.7645985,
            25.679875
          ],
          [
            118.762894,
            25.6797145
          ],
          [
            118.7615762,
            25.679745
          ]
        ]
      }
    },
    {
      "type": "Feature",
      "properties": {
        "name": "莆炎高速",
        "ref": "G1517",
        "highway": "motorway"
      },
      "geometry": {
        "type": "LineString",
        "coordinates": [
          [
            118.7615604,
            25.6793453
          ],
          [
            118.763014,
            25.6792068
          ],
          [
            118.7642007,
            25.6793151
          ],
          [
            118.7653231,
            25.6795008
          ],
          [
            118.7674606,
            25.6801042
          ]
        ]
      }
    },
    {
      "type": "Feature",
      "properties": {
        "name": "莆炎高速",
        "ref": "G1517",
        "highway": "motorway"
      },
      "geometry": {
        "type": "LineString",
        "coordinates": [
          [
            118.7615762,
            25.679745
          ],
          [
            118.7603081,
            25.679922
          ],
          [
            118.7589429,
            25.6803421
          ],
          [
            118.757691,
            25.680826
          ],
          [
            118.7562736,
            25.6815166
          ],
          [
            118.7553948,
            25.6821811
          ],
          [
            118.7545332,
            25.6831557
          ]
        ]
      }
    },
    {
      "type": "Feature",
      "properties": {
        "name": "莆炎高速",
        "ref": "G1517",
        "highway": "motorway"
      },
      "geometry": {
        "type": "LineString",
        "coordinates": [
          [
            118.7535033,
            25.6839075
          ],
          [
            118.7538815,
            25.6835207
          ],
          [
            118.754411,
            25.6828166
          ],
          [
            118.7549907,
            25.682105
          ],
          [
            118.755811,
            25.6814316
          ],
          [
            118.7574761,
            25.6805573
          ],
          [
            118.7586819,
            25.6800098
          ],
          [
            118.7597886,
            25.6797175
          ],
          [
            118.7615604,
            25.6793453
          ]
        ]
      }
    },
    {
      "type": "Feature",
      "properties": {
        "name": "甬莞高速",
        "ref": "G1523",
        "highway": "motorway"
      },
      "geometry": {
        "type": "LineString",
        "coordinates": [
          [
            118.7525935,
            25.6916697
          ],
          [
            118.7526518,
            25.690722
          ],
          [
            118.752587,
            25.689047
          ]
        ]
      }
    },
    {
      "type": "Feature",
      "properties": {
        "name": "甬莞高速",
        "ref": "G1523",
        "highway": "motorway"
      },
      "geometry": {
        "type": "LineString",
        "coordinates": [
          [
            118.7527998,
            25.6916785
          ],
          [
            118.7524719,
            25.6930567
          ],
          [
            118.7521499,
            25.6939746
          ],
          [
            118.7517593,
            25.6947547
          ],
          [
            118.7510979,
            25.6957599
          ],
          [
            118.7507664,
            25.6962064
          ],
          [
            118.7502755,
            25.6968563
          ],
          [
            118.7498469,
            25.6972883
          ],
          [
            118.7486446,
            25.6985418
          ],
          [
            118.7480367,
            25.6992395
          ],
          [
            118.7477008,
            25.6997053
          ]
        ]
      }
    },
    {
      "type": "Feature",
      "properties": {
        "name": "甬莞高速",
        "ref": "G1523",
        "highway": "motorway"
      },
      "geometry": {
        "type": "LineString",
        "coordinates": [
          [
            118.7522844,
            25.6869136
          ],
          [
            118.7517076,
            25.6857231
          ],
          [
            118.75113,
            25.6846238
          ],
          [
            118.7501361,
            25.6830107
          ],
          [
            118.7496467,
            25.6820876
          ],
          [
            118.7494427,
            25.681456
          ]
        ]
      }
    },
    {
      "type": "Feature",
      "properties": {
        "name": "甬莞高速",
        "ref": "G1523",
        "highway": "motorway"
      },
      "geometry": {
        "type": "LineString",
        "coordinates": [
          [
            118.7527968,
            25.6890442
          ],
          [
            118.7528501,
            25.6906928
          ],
          [
            118.7527998,
            25.6916785
          ]
        ]
      }
    },
    {
      "type": "Feature",
      "properties": {
        "name": "莆炎高速",
        "ref": "G1517",
        "highway": "motorway"
      },
      "geometry": {
        "type": "LineString",
        "coordinates": [
          [
            118.8934025,
            25.6481146
          ],
          [
            118.9031596,
            25.6503658
          ]
        ]
      }
    },
    {
      "type": "Feature",
      "properties": {
        "name": "莆炎高速",
        "ref": "G1517",
        "highway": "motorway"
      },
      "geometry": {
        "type": "LineString",
        "coordinates": [
          [
            118.8933783,
            25.6484358
          ],
          [
            118.889863,
            25.648387
          ]
        ]
      }
    },
    {
      "type": "Feature",
      "properties": {
        "name": "莆炎高速",
        "ref": "G1517",
        "highway": "motorway"
      },
      "geometry": {
        "type": "LineString",
        "coordinates": [
          [
            118.8898916,
            25.6481146
          ],
          [
            118.8934025,
            25.6481146
          ]
        ]
      }
    },
    {
      "type": "Feature",
      "properties": {
        "name": "莆炎高速",
        "ref": "G1517",
        "highway": "motorway"
      },
      "geometry": {
        "type": "LineString",
        "coordinates": [
          [
            118.8887238,
            25.6485768
          ],
          [
            118.8878483,
            25.6488042
          ],
          [
            118.8869762,
            25.6490952
          ],
          [
            118.8858444,
            25.6494729
          ],
          [
            118.8845053,
            25.6500343
          ],
          [
            118.8834948,
            25.6505933
          ],
          [
            118.8822256,
            25.6514723
          ]
        ]
      }
    },
    {
      "type": "Feature",
      "properties": {
        "name": "莆炎高速",
        "ref": "G1517",
        "highway": "motorway"
      },
      "geometry": {
        "type": "LineString",
        "coordinates": [
          [
            118.9031596,
            25.6503658
          ],
          [
            118.9054358,
            25.6505329
          ],
          [
            118.9074531,
            25.6502969
          ],
          [
            118.9090139,
            25.6499332
          ],
          [
            118.9102208,
            25.6494801
          ],
          [
            118.9113084,
            25.648941
          ],
          [
            118.9135334,
            25.6473871
          ],
          [
            118.9164532,
            25.6449872
          ],
          [
            118.9175791,
            25.6443359
          ]
        ]
      }
    },
    {
      "type": "Feature",
      "properties": {
        "name": "莆炎高速",
        "ref": "G1517",
        "highway": "motorway"
      },
      "geometry": {
        "type": "LineString",
        "coordinates": [
          [
            118.9031096,
            25.6507492
          ],
          [
            118.8933783,
            25.6484358
          ]
        ]
      }
    },
    {
      "type": "Feature",
      "properties": {
        "name": "莆炎高速",
        "ref": "G1517",
        "highway": "motorway"
      },
      "geometry": {
        "type": "LineString",
        "coordinates": [
          [
            118.9175791,
            25.6443359
          ],
          [
            118.9197425,
            25.6434664
          ],
          [
            118.9206306,
            25.6431758
          ],
          [
            118.9218708,
            25.6428943
          ],
          [
            118.9242909,
            25.6425933
          ]
        ]
      }
    },
    {
      "type": "Feature",
      "properties": {
        "name": "莆炎高速",
        "ref": "G1517",
        "highway": "motorway"
      },
      "geometry": {
        "type": "LineString",
        "coordinates": [
          [
            118.9176746,
            25.6444301
          ],
          [
            118.9163378,
            25.645232
          ],
          [
            118.913663,
            25.6475636
          ],
          [
            118.9115663,
            25.6490589
          ],
          [
            118.9105846,
            25.6495423
          ],
          [
            118.9089589,
            25.6502037
          ],
          [
            118.9074535,
            25.6505624
          ],
          [
            118.9054607,
            25.6508087
          ],
          [
            118.9031096,
            25.6507492
          ]
        ]
      }
    },
    {
      "type": "Feature",
      "properties": {
        "name": "莆炎高速",
        "ref": "G1517",
        "highway": "motorway"
      },
      "geometry": {
        "type": "LineString",
        "coordinates": [
          [
            118.924286,
            25.6427702
          ],
          [
            118.9219156,
            25.6430307
          ],
          [
            118.9198775,
            25.6435637
          ],
          [
            118.9176746,
            25.6444301
          ]
        ]
      }
    },
    {
      "type": "Feature",
      "properties": {
        "name": "莆炎高速",
        "ref": "G1517",
        "highway": "motorway"
      },
      "geometry": {
        "type": "LineString",
        "coordinates": [
          [
            118.9242909,
            25.6425933
          ],
          [
            118.9300756,
            25.6423732
          ],
          [
            118.9332441,
            25.6422184
          ],
          [
            118.9344653,
            25.6421072
          ],
          [
            118.9353845,
            25.6419546
          ],
          [
            118.9367223,
            25.6414144
          ],
          [
            118.9373878,
            25.6410711
          ],
          [
            118.9386759,
            25.6401381
          ],
          [
            118.9414223,
            25.6373941
          ],
          [
            118.9422905,
            25.6369506
          ],
          [
            118.9439287,
            25.6360734
          ]
        ]
      }
    },
    {
      "type": "Feature",
      "properties": {
        "name": "莆炎高速",
        "ref": "G1517",
        "highway": "motorway"
      },
      "geometry": {
        "type": "LineString",
        "coordinates": [
          [
            118.9439287,
            25.6360734
          ],
          [
            118.9450276,
            25.6355672
          ],
          [
            118.9461079,
            25.6352967
          ],
          [
            118.9474919,
            25.6350747
          ],
          [
            118.9489134,
            25.6350717
          ]
        ]
      }
    },
    {
      "type": "Feature",
      "properties": {
        "name": "莆炎高速",
        "ref": "G1517",
        "highway": "motorway"
      },
      "geometry": {
        "type": "LineString",
        "coordinates": [
          [
            118.9440798,
            25.6362446
          ],
          [
            118.9414807,
            25.637649
          ],
          [
            118.9388496,
            25.640294
          ],
          [
            118.9368907,
            25.6415576
          ],
          [
            118.9354396,
            25.6421025
          ],
          [
            118.9343171,
            25.6423675
          ],
          [
            118.9294347,
            25.6425339
          ],
          [
            118.9285251,
            25.6425903
          ],
          [
            118.924286,
            25.6427702
          ]
        ]
      }
    },
    {
      "type": "Feature",
      "properties": {
        "name": "莆炎高速",
        "ref": "G1517",
        "highway": "motorway"
      },
      "geometry": {
        "type": "LineString",
        "coordinates": [
          [
            118.948806,
            25.6353452
          ],
          [
            118.9474931,
            25.6354404
          ],
          [
            118.9458144,
            25.6356656
          ],
          [
            118.9440798,
            25.6362446
          ]
        ]
      }
    },
    {
      "type": "Feature",
      "properties": {
        "name": "莆炎高速",
        "ref": "G1517",
        "highway": "motorway"
      },
      "geometry": {
        "type": "LineString",
        "coordinates": [
          [
            118.9489134,
            25.6350717
          ],
          [
            118.9503974,
            25.6352434
          ],
          [
            118.9533706,
            25.6357859
          ]
        ]
      }
    },
    {
      "type": "Feature",
      "properties": {
        "name": "莆炎高速",
        "ref": "G1517",
        "highway": "motorway"
      },
      "geometry": {
        "type": "LineString",
        "coordinates": [
          [
            118.9532164,
            25.6360107
          ],
          [
            118.9503579,
            25.6355047
          ],
          [
            118.948806,
            25.6353452
          ]
        ]
      }
    },
    {
      "type": "Feature",
      "properties": {
        "name": "莆炎高速",
        "ref": "G1517",
        "highway": "motorway"
      },
      "geometry": {
        "type": "LineString",
        "coordinates": [
          [
            118.9533706,
            25.6357859
          ],
          [
            118.9588352,
            25.638479
          ],
          [
            118.9613834,
            25.6391171
          ],
          [
            118.9629689,
            25.6388491
          ],
          [
            118.9646961,
            25.638045
          ],
          [
            118.9686883,
            25.635403
          ],
          [
            118.9709817,
            25.6343309
          ],
          [
            118.9741704,
            25.6334336
          ],
          [
            118.9749652,
            25.633087
          ],
          [
            118.9756036,
            25.6326614
          ],
          [
            118.9767576,
            25.6316761
          ]
        ]
      }
    },
    {
      "type": "Feature",
      "properties": {
        "name": "莆炎高速",
        "ref": "G1517",
        "highway": "motorway"
      },
      "geometry": {
        "type": "LineString",
        "coordinates": [
          [
            118.9767576,
            25.6316761
          ],
          [
            118.9788268,
            25.628882
          ]
        ]
      }
    },
    {
      "type": "Feature",
      "properties": {
        "name": "莆炎高速",
        "ref": "G1517",
        "highway": "motorway"
      },
      "geometry": {
        "type": "LineString",
        "coordinates": [
          [
            118.9769906,
            25.6317955
          ],
          [
            118.9757216,
            25.6328017
          ],
          [
            118.9750457,
            25.6332515
          ],
          [
            118.9742864,
            25.6335888
          ],
          [
            118.9710281,
            25.6346284
          ],
          [
            118.9688513,
            25.635567
          ],
          [
            118.9649331,
            25.6381097
          ],
          [
            118.9630024,
            25.6390653
          ],
          [
            118.9613746,
            25.6393384
          ],
          [
            118.9587435,
            25.6387411
          ],
          [
            118.9532164,
            25.6360107
          ]
        ]
      }
    },
    {
      "type": "Feature",
      "properties": {
        "name": "莆炎高速",
        "ref": "G1517",
        "highway": "motorway"
      },
      "geometry": {
        "type": "LineString",
        "coordinates": [
          [
            118.9790443,
            25.6290776
          ],
          [
            118.9769906,
            25.6317955
          ]
        ]
      }
    },
    {
      "type": "Feature",
      "properties": {
        "name": "莆炎高速",
        "ref": "G1517",
        "highway": "motorway"
      },
      "geometry": {
        "type": "LineString",
        "coordinates": [
          [
            118.9788268,
            25.628882
          ],
          [
            118.9828451,
            25.623456
          ]
        ]
      }
    },
    {
      "type": "Feature",
      "properties": {
        "name": "莆炎高速",
        "ref": "G1517",
        "highway": "motorway"
      },
      "geometry": {
        "type": "LineString",
        "coordinates": [
          [
            118.9840104,
            25.6212714
          ],
          [
            118.9831009,
            25.623569
          ]
        ]
      }
    },
    {
      "type": "Feature",
      "properties": {
        "name": "莆炎高速",
        "ref": "G1517",
        "highway": "motorway"
      },
      "geometry": {
        "type": "LineString",
        "coordinates": [
          [
            118.9831009,
            25.623569
          ],
          [
            118.9790443,
            25.6290776
          ]
        ]
      }
    },
    {
      "type": "Feature",
      "properties": {
        "name": "莆炎高速",
        "ref": "G1517",
        "highway": "motorway"
      },
      "geometry": {
        "type": "LineString",
        "coordinates": [
          [
            118.984194,
            25.6166148
          ],
          [
            118.9842506,
            25.6152276
          ],
          [
            118.9843406,
            25.6142166
          ],
          [
            118.9845722,
            25.6129248
          ],
          [
            118.9855188,
            25.6093045
          ],
          [
            118.9857048,
            25.6078187
          ],
          [
            118.9858093,
            25.6063081
          ],
          [
            118.9859891,
            25.6049452
          ],
          [
            118.9863285,
            25.6036442
          ],
          [
            118.9867294,
            25.6025602
          ],
          [
            118.987298,
            25.6015394
          ],
          [
            118.9887182,
            25.5996619
          ],
          [
            118.9900768,
            25.5984578
          ],
          [
            118.9915558,
            25.5974526
          ],
          [
            118.993848,
            25.5964403
          ],
          [
            118.9961945,
            25.595458
          ],
          [
            118.9985365,
            25.5940891
          ],
          [
            118.9999312,
            25.5932182
          ],
          [
            119.0009688,
            25.5927191
          ],
          [
            119.002651,
            25.5919506
          ],
          [
            119.0044373,
            25.5913023
          ],
          [
            119.0062988,
            25.5908959
          ],
          [
            119.0081496,
            25.5906443
          ]
        ]
      }
    },
    {
      "type": "Feature",
      "properties": {
        "name": "莆炎高速",
        "ref": "G1517",
        "highway": "motorway"
      },
      "geometry": {
        "type": "LineString",
        "coordinates": [
          [
            118.9828451,
            25.623456
          ],
          [
            118.9837328,
            25.621115
          ]
        ]
      }
    },
    {
      "type": "Feature",
      "properties": {
        "name": "莆炎高速",
        "ref": "G1517",
        "highway": "motorway"
      },
      "geometry": {
        "type": "LineString",
        "coordinates": [
          [
            119.0081369,
            25.5909208
          ],
          [
            119.0063417,
            25.5911282
          ],
          [
            119.0044802,
            25.5915007
          ],
          [
            119.0027314,
            25.5921297
          ],
          [
            119.0010553,
            25.5928693
          ],
          [
            119.0000653,
            25.5933005
          ],
          [
            118.9986545,
            25.5942004
          ],
          [
            118.9962966,
            25.5955717
          ],
          [
            118.9939445,
            25.5965565
          ],
          [
            118.9916139,
            25.5976188
          ],
          [
            118.9901465,
            25.5985884
          ],
          [
            118.9888852,
            25.5997615
          ],
          [
            118.9874428,
            25.6015636
          ],
          [
            118.9869279,
            25.6025795
          ],
          [
            118.9864763,
            25.6036972
          ],
          [
            118.9861178,
            25.6049355
          ],
          [
            118.9859195,
            25.6063298
          ],
          [
            118.9858442,
            25.6078574
          ],
          [
            118.98566,
            25.6093702
          ],
          [
            118.98481,
            25.6127073
          ],
          [
            118.9845474,
            25.6138363
          ],
          [
            118.9843869,
            25.6151637
          ],
          [
            118.9843539,
            25.6165932
          ]
        ]
      }
    },
    {
      "type": "Feature",
      "properties": {
        "name": "莆炎高速",
        "ref": "G1517",
        "highway": "motorway"
      },
      "geometry": {
        "type": "LineString",
        "coordinates": [
          [
            119.0081496,
            25.5906443
          ],
          [
            119.0118998,
            25.5907252
          ]
        ]
      }
    },
    {
      "type": "Feature",
      "properties": {
        "name": "莆炎高速",
        "ref": "G1517",
        "highway": "motorway"
      },
      "geometry": {
        "type": "LineString",
        "coordinates": [
          [
            119.0118998,
            25.5907252
          ],
          [
            119.0157956,
            25.5915802
          ]
        ]
      }
    },
    {
      "type": "Feature",
      "properties": {
        "name": "莆炎高速",
        "ref": "G1517",
        "highway": "motorway"
      },
      "geometry": {
        "type": "LineString",
        "coordinates": [
          [
            119.0118621,
            25.5909979
          ],
          [
            119.0081369,
            25.5909208
          ]
        ]
      }
    },
    {
      "type": "Feature",
      "properties": {
        "name": "莆炎高速",
        "ref": "G1517",
        "highway": "motorway"
      },
      "geometry": {
        "type": "LineString",
        "coordinates": [
          [
            119.0157956,
            25.5915802
          ],
          [
            119.0186584,
            25.5918781
          ],
          [
            119.0201443,
            25.5917329
          ],
          [
            119.0214999,
            25.5914098
          ],
          [
            119.0232718,
            25.5907798
          ],
          [
            119.0248921,
            25.5899578
          ],
          [
            119.0266138,
            25.5888542
          ],
          [
            119.0281051,
            25.5876199
          ],
          [
            119.0299934,
            25.5855738
          ],
          [
            119.0309644,
            25.5845626
          ],
          [
            119.0319525,
            25.5836306
          ]
        ]
      }
    },
    {
      "type": "Feature",
      "properties": {
        "name": "莆炎高速",
        "ref": "G1517",
        "highway": "motorway"
      },
      "geometry": {
        "type": "LineString",
        "coordinates": [
          [
            119.0157536,
            25.5918112
          ],
          [
            119.0118621,
            25.5909979
          ]
        ]
      }
    },
    {
      "type": "Feature",
      "properties": {
        "name": "莆炎高速",
        "ref": "G1517",
        "highway": "motorway"
      },
      "geometry": {
        "type": "LineString",
        "coordinates": [
          [
            119.0319525,
            25.5836306
          ],
          [
            119.0362129,
            25.5810022
          ]
        ]
      }
    },
    {
      "type": "Feature",
      "properties": {
        "name": "莆炎高速",
        "ref": "G1517",
        "highway": "motorway"
      },
      "geometry": {
        "type": "LineString",
        "coordinates": [
          [
            119.0362129,
            25.5810022
          ],
          [
            119.0375116,
            25.5806119
          ],
          [
            119.0387696,
            25.5801111
          ],
          [
            119.0412968,
            25.5792499
          ],
          [
            119.042514,
            25.5786596
          ],
          [
            119.0436298,
            25.5779483
          ],
          [
            119.0456668,
            25.5762611
          ]
        ]
      }
    },
    {
      "type": "Feature",
      "properties": {
        "name": "莆炎高速",
        "ref": "G1517",
        "highway": "motorway"
      },
      "geometry": {
        "type": "LineString",
        "coordinates": [
          [
            119.0362045,
            25.5812991
          ],
          [
            119.0321205,
            25.5838138
          ]
        ]
      }
    },
    {
      "type": "Feature",
      "properties": {
        "name": "莆炎高速",
        "ref": "G1517",
        "highway": "motorway"
      },
      "geometry": {
        "type": "LineString",
        "coordinates": [
          [
            119.0321205,
            25.5838138
          ],
          [
            119.0310878,
            25.5847174
          ],
          [
            119.0301222,
            25.5856996
          ],
          [
            119.0281896,
            25.5877104
          ],
          [
            119.026705,
            25.588951
          ],
          [
            119.0249905,
            25.5900659
          ],
          [
            119.023363,
            25.5908959
          ],
          [
            119.0215822,
            25.5915589
          ],
          [
            119.0201604,
            25.5918684
          ],
          [
            119.0186745,
            25.5920716
          ],
          [
            119.0157536,
            25.5918112
          ]
        ]
      }
    },
    {
      "type": "Feature",
      "properties": {
        "name": "莆炎高速",
        "ref": "G1517",
        "highway": "motorway"
      },
      "geometry": {
        "type": "LineString",
        "coordinates": [
          [
            119.0456668,
            25.5762611
          ],
          [
            119.0477684,
            25.5748984
          ]
        ]
      }
    },
    {
      "type": "Feature",
      "properties": {
        "name": "莆炎高速",
        "ref": "G1517",
        "highway": "motorway"
      },
      "geometry": {
        "type": "LineString",
        "coordinates": [
          [
            119.0457798,
            25.5764432
          ],
          [
            119.0436727,
            25.5781128
          ],
          [
            119.0425944,
            25.578795
          ],
          [
            119.0413899,
            25.5793722
          ],
          [
            119.038842,
            25.5803337
          ],
          [
            119.0374473,
            25.5808926
          ],
          [
            119.0362045,
            25.5812991
          ]
        ]
      }
    },
    {
      "type": "Feature",
      "properties": {
        "name": "莆炎高速",
        "ref": "G1517",
        "highway": "motorway"
      },
      "geometry": {
        "type": "LineString",
        "coordinates": [
          [
            119.0478826,
            25.5749989
          ],
          [
            119.0457798,
            25.5764432
          ]
        ]
      }
    },
    {
      "type": "Feature",
      "properties": {
        "name": "莆炎高速",
        "ref": "G1517",
        "highway": "motorway"
      },
      "geometry": {
        "type": "LineString",
        "coordinates": [
          [
            119.0477684,
            25.5748984
          ],
          [
            119.0495741,
            25.5742135
          ],
          [
            119.0508932,
            25.5741063
          ],
          [
            119.0522128,
            25.574174
          ],
          [
            119.054718,
            25.5747934
          ],
          [
            119.0559787,
            25.5750837
          ],
          [
            119.05725,
            25.5752289
          ],
          [
            119.0584731,
            25.5751418
          ],
          [
            119.0596464,
            25.5749903
          ],
          [
            119.061048,
            25.5744885
          ],
          [
            119.0622362,
            25.5737787
          ],
          [
            119.063521,
            25.572524
          ],
          [
            119.0644722,
            25.5710653
          ],
          [
            119.065966,
            25.5681324
          ]
        ]
      }
    },
    {
      "type": "Feature",
      "properties": {
        "name": "莆炎高速",
        "ref": "G1517",
        "highway": "motorway"
      },
      "geometry": {
        "type": "LineString",
        "coordinates": [
          [
            119.065966,
            25.5681324
          ],
          [
            119.0751825,
            25.5558387
          ]
        ]
      }
    },
    {
      "type": "Feature",
      "properties": {
        "name": "莆炎高速",
        "ref": "G1517",
        "highway": "motorway"
      },
      "geometry": {
        "type": "LineString",
        "coordinates": [
          [
            119.066289,
            25.5682641
          ],
          [
            119.064653,
            25.5711322
          ],
          [
            119.0636712,
            25.5725917
          ],
          [
            119.0623743,
            25.5738644
          ],
          [
            119.0611553,
            25.5746337
          ],
          [
            119.0597342,
            25.5751061
          ],
          [
            119.0584999,
            25.5752918
          ],
          [
            119.0572286,
            25.5753692
          ],
          [
            119.0560162,
            25.5752676
          ],
          [
            119.0547717,
            25.5749386
          ],
          [
            119.0522397,
            25.5743144
          ],
          [
            119.0508985,
            25.5742031
          ],
          [
            119.0496284,
            25.5743689
          ],
          [
            119.0478826,
            25.5749989
          ]
        ]
      }
    },
    {
      "type": "Feature",
      "properties": {
        "name": "莆炎高速",
        "ref": "G1517",
        "highway": "motorway"
      },
      "geometry": {
        "type": "LineString",
        "coordinates": [
          [
            119.0751825,
            25.5558387
          ],
          [
            119.0782215,
            25.5524592
          ],
          [
            119.0815179,
            25.5493604
          ],
          [
            119.082714,
            25.5487825
          ],
          [
            119.0857229,
            25.5482208
          ],
          [
            119.0881364,
            25.5477995
          ],
          [
            119.0899418,
            25.5472429
          ]
        ]
      }
    },
    {
      "type": "Feature",
      "properties": {
        "name": "莆炎高速",
        "ref": "G1517",
        "highway": "motorway"
      },
      "geometry": {
        "type": "LineString",
        "coordinates": [
          [
            119.0754551,
            25.5560164
          ],
          [
            119.066289,
            25.5682641
          ]
        ]
      }
    },
    {
      "type": "Feature",
      "properties": {
        "name": "莆炎高速",
        "ref": "G1517",
        "highway": "motorway"
      },
      "geometry": {
        "type": "LineString",
        "coordinates": [
          [
            119.0951514,
            25.5445395
          ],
          [
            119.0929495,
            25.5457204
          ]
        ]
      }
    },
    {
      "type": "Feature",
      "properties": {
        "name": "莆炎高速",
        "ref": "G1517",
        "highway": "motorway"
      },
      "geometry": {
        "type": "LineString",
        "coordinates": [
          [
            119.0949951,
            25.5442873
          ],
          [
            119.1069911,
            25.5416381
          ]
        ]
      }
    },
    {
      "type": "Feature",
      "properties": {
        "name": "莆炎高速",
        "ref": "G1517",
        "highway": "motorway"
      },
      "geometry": {
        "type": "LineString",
        "coordinates": [
          [
            119.0929495,
            25.5457204
          ],
          [
            119.0898447,
            25.5475538
          ]
        ]
      }
    },
    {
      "type": "Feature",
      "properties": {
        "name": "莆炎高速",
        "ref": "G1517",
        "highway": "motorway"
      },
      "geometry": {
        "type": "LineString",
        "coordinates": [
          [
            119.0928434,
            25.5454986
          ],
          [
            119.0949951,
            25.5442873
          ]
        ]
      }
    },
    {
      "type": "Feature",
      "properties": {
        "name": "莆炎高速",
        "ref": "G1517",
        "highway": "motorway"
      },
      "geometry": {
        "type": "LineString",
        "coordinates": [
          [
            119.0898447,
            25.5475538
          ],
          [
            119.0880978,
            25.5479388
          ],
          [
            119.0825665,
            25.5490407
          ],
          [
            119.0816272,
            25.5495473
          ],
          [
            119.0783856,
            25.5525834
          ],
          [
            119.0754551,
            25.5560164
          ]
        ]
      }
    },
    {
      "type": "Feature",
      "properties": {
        "name": "莆炎高速",
        "ref": "G1517",
        "highway": "motorway"
      },
      "geometry": {
        "type": "LineString",
        "coordinates": [
          [
            119.0899418,
            25.5472429
          ],
          [
            119.0928434,
            25.5454986
          ]
        ]
      }
    },
    {
      "type": "Feature",
      "properties": {
        "name": "莆炎高速",
        "ref": "G1517",
        "highway": "motorway"
      },
      "geometry": {
        "type": "LineString",
        "coordinates": [
          [
            119.1069911,
            25.5416381
          ],
          [
            119.1092373,
            25.5412749
          ],
          [
            119.1108862,
            25.5409311
          ],
          [
            119.1115856,
            25.5407476
          ],
          [
            119.1120467,
            25.5405836
          ],
          [
            119.113275,
            25.5401137
          ],
          [
            119.1139821,
            25.5397806
          ],
          [
            119.1144395,
            25.5395634
          ]
        ]
      }
    },
    {
      "type": "Feature",
      "properties": {
        "name": "莆炎高速",
        "ref": "G1517",
        "highway": "motorway"
      },
      "geometry": {
        "type": "LineString",
        "coordinates": [
          [
            119.1070383,
            25.5418679
          ],
          [
            119.0951514,
            25.5445395
          ]
        ]
      }
    },
    {
      "type": "Feature",
      "properties": {
        "name": "莆炎高速",
        "ref": "G1517",
        "highway": "motorway"
      },
      "geometry": {
        "type": "LineString",
        "coordinates": [
          [
            119.1213993,
            25.5336211
          ],
          [
            119.122331,
            25.5331281
          ],
          [
            119.1233208,
            25.532721
          ],
          [
            119.1247589,
            25.532164
          ]
        ]
      }
    },
    {
      "type": "Feature",
      "properties": {
        "name": "莆炎高速",
        "ref": "G1517",
        "highway": "motorway"
      },
      "geometry": {
        "type": "LineString",
        "coordinates": [
          [
            119.1214932,
            25.5337505
          ],
          [
            119.1204063,
            25.5344897
          ],
          [
            119.1198787,
            25.5348902
          ],
          [
            119.1190461,
            25.5356941
          ],
          [
            119.1188407,
            25.5359206
          ],
          [
            119.1181989,
            25.5365717
          ],
          [
            119.1177197,
            25.5371567
          ],
          [
            119.1170686,
            25.5378305
          ],
          [
            119.1165638,
            25.5382878
          ],
          [
            119.1160303,
            25.5386895
          ]
        ]
      }
    },
    {
      "type": "Feature",
      "properties": {
        "name": "莆炎高速",
        "ref": "G1517",
        "highway": "motorway"
      },
      "geometry": {
        "type": "LineString",
        "coordinates": [
          [
            119.1247589,
            25.532164
          ],
          [
            119.1259555,
            25.5318444
          ],
          [
            119.1273031,
            25.5316439
          ],
          [
            119.1282294,
            25.5315751
          ],
          [
            119.129406,
            25.5315873
          ],
          [
            119.130609,
            25.5316975
          ],
          [
            119.1332034,
            25.5321307
          ],
          [
            119.1344278,
            25.5323113
          ],
          [
            119.1354956,
            25.5323789
          ],
          [
            119.1365186,
            25.5323802
          ],
          [
            119.1375217,
            25.5323133
          ],
          [
            119.1386099,
            25.5321116
          ],
          [
            119.1413573,
            25.5313696
          ],
          [
            119.1432067,
            25.5307971
          ],
          [
            119.1440376,
            25.5306192
          ],
          [
            119.1445988,
            25.5305378
          ],
          [
            119.1455855,
            25.5304327
          ],
          [
            119.1494275,
            25.5304023
          ],
          [
            119.1506092,
            25.5302594
          ],
          [
            119.1517263,
            25.5300334
          ],
          [
            119.1530526,
            25.5296159
          ],
          [
            119.158402,
            25.5275907
          ]
        ]
      }
    },
    {
      "type": "Feature",
      "properties": {
        "name": "莆炎高速",
        "ref": "G1517",
        "highway": "motorway"
      },
      "geometry": {
        "type": "LineString",
        "coordinates": [
          [
            119.1248074,
            25.5322955
          ],
          [
            119.1233563,
            25.532845
          ],
          [
            119.1224063,
            25.5332578
          ],
          [
            119.1214932,
            25.5337505
          ]
        ]
      }
    },
    {
      "type": "Feature",
      "properties": {
        "name": "莆炎高速",
        "ref": "G1517",
        "highway": "motorway"
      },
      "geometry": {
        "type": "LineString",
        "coordinates": [
          [
            119.1662759,
            25.5235876
          ],
          [
            119.1669684,
            25.5229182
          ],
          [
            119.1674594,
            25.5223417
          ],
          [
            119.1679267,
            25.5216703
          ],
          [
            119.1683619,
            25.5209796
          ],
          [
            119.1688979,
            25.5199213
          ],
          [
            119.1693353,
            25.5188824
          ],
          [
            119.1696954,
            25.5181278
          ],
          [
            119.17027,
            25.5167019
          ],
          [
            119.1706345,
            25.5159299
          ],
          [
            119.1710632,
            25.5149316
          ],
          [
            119.1713548,
            25.5142389
          ],
          [
            119.1718393,
            25.5134147
          ],
          [
            119.1721974,
            25.512664
          ],
          [
            119.1726476,
            25.5117217
          ],
          [
            119.1729027,
            25.5110871
          ],
          [
            119.1731664,
            25.5105627
          ],
          [
            119.1735716,
            25.5098894
          ],
          [
            119.1739961,
            25.5092683
          ],
          [
            119.1743027,
            25.5088774
          ],
          [
            119.1746778,
            25.5084498
          ],
          [
            119.1751195,
            25.5080261
          ],
          [
            119.1756276,
            25.507612
          ],
          [
            119.1761443,
            25.5072328
          ],
          [
            119.1768325,
            25.50678
          ],
          [
            119.1776836,
            25.506275
          ],
          [
            119.1789227,
            25.5055494
          ],
          [
            119.1795016,
            25.5051604
          ],
          [
            119.1800076,
            25.5048025
          ],
          [
            119.1805521,
            25.5043748
          ],
          [
            119.1810495,
            25.5039414
          ],
          [
            119.1815747,
            25.5034461
          ],
          [
            119.1821257,
            25.5028578
          ],
          [
            119.1829297,
            25.50202
          ],
          [
            119.1834528,
            25.5014724
          ],
          [
            119.1838816,
            25.5010234
          ],
          [
            119.1843811,
            25.5005687
          ],
          [
            119.1849878,
            25.5000745
          ],
          [
            119.185616,
            25.4996708
          ],
          [
            119.1861798,
            25.4993361
          ],
          [
            119.1868959,
            25.4989897
          ],
          [
            119.1874661,
            25.4987459
          ],
          [
            119.1881586,
            25.4984904
          ],
          [
            119.1887353,
            25.4983221
          ],
          [
            119.1893806,
            25.4981537
          ],
          [
            119.1902489,
            25.4979622
          ]
        ]
      }
    },
    {
      "type": "Feature",
      "properties": {
        "name": "莆炎高速",
        "ref": "G1517",
        "highway": "motorway"
      },
      "geometry": {
        "type": "LineString",
        "coordinates": [
          [
            119.1584906,
            25.527837
          ],
          [
            119.1531173,
            25.5297698
          ],
          [
            119.152361,
            25.5300025
          ],
          [
            119.1517477,
            25.5301765
          ],
          [
            119.1506336,
            25.5303902
          ],
          [
            119.1494397,
            25.5305318
          ],
          [
            119.1456395,
            25.5305881
          ],
          [
            119.1446057,
            25.5306889
          ],
          [
            119.1440789,
            25.5307701
          ],
          [
            119.1433048,
            25.5309219
          ],
          [
            119.1414055,
            25.5315303
          ],
          [
            119.1386862,
            25.5322456
          ],
          [
            119.1375556,
            25.5324479
          ],
          [
            119.136527,
            25.532523
          ],
          [
            119.1354759,
            25.5325213
          ],
          [
            119.1344217,
            25.5324476
          ],
          [
            119.1331214,
            25.5322668
          ],
          [
            119.1305834,
            25.5318351
          ],
          [
            119.1294089,
            25.5317324
          ],
          [
            119.1283818,
            25.5317329
          ],
          [
            119.1273376,
            25.53179
          ],
          [
            119.1260231,
            25.5319755
          ],
          [
            119.1248074,
            25.5322955
          ]
        ]
      }
    },
    {
      "type": "Feature",
      "properties": {
        "name": "莆炎高速",
        "ref": "G1517",
        "highway": "motorway"
      },
      "geometry": {
        "type": "LineString",
        "coordinates": [
          [
            119.158402,
            25.5275907
          ],
          [
            119.1626408,
            25.5258214
          ],
          [
            119.1662759,
            25.5235876
          ]
        ]
      }
    },
    {
      "type": "Feature",
      "properties": {
        "name": "沈海高速",
        "ref": "G15",
        "highway": "motorway"
      },
      "geometry": {
        "type": "LineString",
        "coordinates": [
          [
            119.116148,
            25.4359433
          ],
          [
            119.1167429,
            25.4363006
          ]
        ]
      }
    },
    {
      "type": "Feature",
      "properties": {
        "name": "沈海高速",
        "ref": "G15",
        "highway": "motorway"
      },
      "geometry": {
        "type": "LineString",
        "coordinates": [
          [
            119.1597615,
            25.4560055
          ],
          [
            119.1593806,
            25.4557446
          ]
        ]
      }
    },
    {
      "type": "Feature",
      "properties": {
        "name": "沈海高速",
        "ref": "G15",
        "highway": "motorway"
      },
      "geometry": {
        "type": "LineString",
        "coordinates": [
          [
            119.1758378,
            25.4654228
          ],
          [
            119.1740325,
            25.4647335
          ],
          [
            119.1691829,
            25.4622989
          ],
          [
            119.1639,
            25.45884
          ],
          [
            119.1614941,
            25.4571922
          ],
          [
            119.1597615,
            25.4560055
          ]
        ]
      }
    },
    {
      "type": "Feature",
      "properties": {
        "name": "沈海高速",
        "ref": "G15",
        "highway": "motorway"
      },
      "geometry": {
        "type": "LineString",
        "coordinates": [
          [
            119.1598423,
            25.4558956
          ],
          [
            119.16633,
            25.4603383
          ],
          [
            119.168565,
            25.4617283
          ],
          [
            119.1706967,
            25.4629033
          ],
          [
            119.173045,
            25.4640867
          ],
          [
            119.1747117,
            25.46483
          ],
          [
            119.175896,
            25.4652928
          ]
        ]
      }
    },
    {
      "type": "Feature",
      "properties": {
        "name": "沈海高速",
        "ref": "G15",
        "highway": "motorway"
      },
      "geometry": {
        "type": "LineString",
        "coordinates": [
          [
            119.159489,
            25.4556536
          ],
          [
            119.1598423,
            25.4558956
          ]
        ]
      }
    },
    {
      "type": "Feature",
      "properties": {
        "name": "莆炎高速",
        "ref": "G1517",
        "highway": "motorway"
      },
      "geometry": {
        "type": "LineString",
        "coordinates": [
          [
            119.2039312,
            25.2535563
          ],
          [
            119.2039014,
            25.2536849
          ],
          [
            119.2034553,
            25.2556061
          ],
          [
            119.2029006,
            25.2572427
          ],
          [
            119.2022401,
            25.2587479
          ],
          [
            119.200523,
            25.2615432
          ]
        ]
      }
    },
    {
      "type": "Feature",
      "properties": {
        "name": "沈海高速",
        "ref": "G15",
        "highway": "motorway"
      },
      "geometry": {
        "type": "LineString",
        "coordinates": [
          [
            119.0881586,
            25.4040159
          ],
          [
            119.0895106,
            25.4053788
          ],
          [
            119.0905172,
            25.4064707
          ]
        ]
      }
    },
    {
      "type": "Feature",
      "properties": {
        "name": "沈海高速",
        "ref": "G15",
        "highway": "motorway"
      },
      "geometry": {
        "type": "LineString",
        "coordinates": [
          [
            119.0853956,
            25.4012687
          ],
          [
            119.0867637,
            25.4025755
          ],
          [
            119.0881586,
            25.4040159
          ]
        ]
      }
    },
    {
      "type": "Feature",
      "properties": {
        "name": "沈海高速",
        "ref": "G15",
        "highway": "motorway"
      },
      "geometry": {
        "type": "LineString",
        "coordinates": [
          [
            119.0905172,
            25.4064707
          ],
          [
            119.0908336,
            25.4068835
          ]
        ]
      }
    },
    {
      "type": "Feature",
      "properties": {
        "name": "沈海高速",
        "ref": "G15",
        "highway": "motorway"
      },
      "geometry": {
        "type": "LineString",
        "coordinates": [
          [
            119.0908336,
            25.4068835
          ],
          [
            119.0921447,
            25.4085633
          ]
        ]
      }
    },
    {
      "type": "Feature",
      "properties": {
        "name": "沈海高速",
        "ref": "G15",
        "highway": "motorway"
      },
      "geometry": {
        "type": "LineString",
        "coordinates": [
          [
            119.0921447,
            25.4085633
          ],
          [
            119.0926442,
            25.4093071
          ]
        ]
      }
    },
    {
      "type": "Feature",
      "properties": {
        "name": "沈海高速",
        "ref": "G15",
        "highway": "motorway"
      },
      "geometry": {
        "type": "LineString",
        "coordinates": [
          [
            119.0926442,
            25.4093071
          ],
          [
            119.0930452,
            25.4100064
          ],
          [
            119.0934856,
            25.4108449
          ],
          [
            119.0940521,
            25.4118455
          ],
          [
            119.0943635,
            25.4123956
          ],
          [
            119.0951695,
            25.4142889
          ],
          [
            119.09621,
            25.41695
          ],
          [
            119.0967083,
            25.4181833
          ],
          [
            119.0969671,
            25.4187553
          ]
        ]
      }
    },
    {
      "type": "Feature",
      "properties": {
        "name": "莆炎高速",
        "ref": "G1517",
        "highway": "motorway"
      },
      "geometry": {
        "type": "LineString",
        "coordinates": [
          [
            119.1234321,
            25.3434806
          ],
          [
            119.1241397,
            25.3428014
          ]
        ]
      }
    },
    {
      "type": "Feature",
      "properties": {
        "name": "莆炎高速",
        "ref": "G1517",
        "highway": "motorway"
      },
      "geometry": {
        "type": "LineString",
        "coordinates": [
          [
            119.1241397,
            25.3428014
          ],
          [
            119.1246609,
            25.3423121
          ],
          [
            119.1254581,
            25.3417065
          ],
          [
            119.1266233,
            25.3410178
          ],
          [
            119.1279725,
            25.3403914
          ],
          [
            119.1290841,
            25.3399639
          ],
          [
            119.1303336,
            25.3395676
          ],
          [
            119.1312691,
            25.3393077
          ],
          [
            119.1324728,
            25.3391258
          ],
          [
            119.1347804,
            25.3388607
          ]
        ]
      }
    },
    {
      "type": "Feature",
      "properties": {
        "name": "莆炎高速",
        "ref": "G1517",
        "highway": "motorway"
      },
      "geometry": {
        "type": "LineString",
        "coordinates": [
          [
            119.1206037,
            25.3571534
          ],
          [
            119.1201597,
            25.3531096
          ],
          [
            119.1200918,
            25.3521577
          ],
          [
            119.120116,
            25.351185
          ],
          [
            119.1202342,
            25.3499733
          ],
          [
            119.1205364,
            25.3486993
          ],
          [
            119.1210489,
            25.3472943
          ],
          [
            119.1215762,
            25.3461324
          ],
          [
            119.1222415,
            25.3449913
          ],
          [
            119.1227678,
            25.3442464
          ],
          [
            119.1234321,
            25.3434806
          ]
        ]
      }
    },
    {
      "type": "Feature",
      "properties": {
        "name": "莆炎高速",
        "ref": "G1517",
        "highway": "motorway"
      },
      "geometry": {
        "type": "LineString",
        "coordinates": [
          [
            119.1208526,
            25.3593156
          ],
          [
            119.1206999,
            25.3580618
          ]
        ]
      }
    },
    {
      "type": "Feature",
      "properties": {
        "name": "莆炎高速",
        "ref": "G1517",
        "highway": "motorway"
      },
      "geometry": {
        "type": "LineString",
        "coordinates": [
          [
            119.1206999,
            25.3580618
          ],
          [
            119.1206037,
            25.3571534
          ]
        ]
      }
    },
    {
      "type": "Feature",
      "properties": {
        "name": "莆炎高速",
        "ref": "G1517",
        "highway": "motorway"
      },
      "geometry": {
        "type": "LineString",
        "coordinates": [
          [
            119.1207873,
            25.3572973
          ],
          [
            119.1208563,
            25.3581078
          ]
        ]
      }
    },
    {
      "type": "Feature",
      "properties": {
        "name": "莆炎高速",
        "ref": "G1517",
        "highway": "motorway"
      },
      "geometry": {
        "type": "LineString",
        "coordinates": [
          [
            119.1208563,
            25.3581078
          ],
          [
            119.1209792,
            25.359307
          ]
        ]
      }
    },
    {
      "type": "Feature",
      "properties": {
        "name": "莆炎高速",
        "ref": "G1517",
        "highway": "motorway"
      },
      "geometry": {
        "type": "LineString",
        "coordinates": [
          [
            119.1209792,
            25.359307
          ],
          [
            119.1213746,
            25.3634202
          ],
          [
            119.1213311,
            25.3643516
          ],
          [
            119.1213058,
            25.3648078
          ],
          [
            119.1212522,
            25.3652831
          ]
        ]
      }
    },
    {
      "type": "Feature",
      "properties": {
        "name": "莆炎高速",
        "ref": "G1517",
        "highway": "motorway"
      },
      "geometry": {
        "type": "LineString",
        "coordinates": [
          [
            119.1360534,
            25.3387046
          ],
          [
            119.137351,
            25.338459
          ],
          [
            119.1381865,
            25.3381336
          ],
          [
            119.1394704,
            25.3374875
          ],
          [
            119.1406415,
            25.3367805
          ],
          [
            119.1417378,
            25.3359722
          ],
          [
            119.1432879,
            25.3344621
          ],
          [
            119.1453309,
            25.3323951
          ]
        ]
      }
    },
    {
      "type": "Feature",
      "properties": {
        "name": "莆炎高速",
        "ref": "G1517",
        "highway": "motorway"
      },
      "geometry": {
        "type": "LineString",
        "coordinates": [
          [
            119.1347804,
            25.3388607
          ],
          [
            119.1360534,
            25.3387046
          ]
        ]
      }
    },
    {
      "type": "Feature",
      "properties": {
        "name": "莆炎高速",
        "ref": "G1517",
        "highway": "motorway"
      },
      "geometry": {
        "type": "LineString",
        "coordinates": [
          [
            119.1236329,
            25.3435147
          ],
          [
            119.123127,
            25.3440759
          ],
          [
            119.122552,
            25.3448137
          ],
          [
            119.1217241,
            25.3461958
          ],
          [
            119.1212182,
            25.3473494
          ],
          [
            119.1207812,
            25.3484613
          ],
          [
            119.1204822,
            25.3494797
          ],
          [
            119.1202752,
            25.3508929
          ],
          [
            119.1202293,
            25.3522023
          ],
          [
            119.1203274,
            25.353172
          ],
          [
            119.1207873,
            25.3572973
          ]
        ]
      }
    },
    {
      "type": "Feature",
      "properties": {
        "name": "莆炎高速",
        "ref": "G1517",
        "highway": "motorway"
      },
      "geometry": {
        "type": "LineString",
        "coordinates": [
          [
            119.1242769,
            25.3428496
          ],
          [
            119.1236329,
            25.3435147
          ]
        ]
      }
    },
    {
      "type": "Feature",
      "properties": {
        "name": "莆炎高速",
        "ref": "G1517",
        "highway": "motorway"
      },
      "geometry": {
        "type": "LineString",
        "coordinates": [
          [
            119.1348098,
            25.3390252
          ],
          [
            119.1336599,
            25.3391187
          ],
          [
            119.132671,
            25.339233
          ],
          [
            119.1313832,
            25.3394409
          ],
          [
            119.1302563,
            25.3397111
          ],
          [
            119.1291064,
            25.340106
          ],
          [
            119.1284315,
            25.340381
          ],
          [
            119.1277035,
            25.3406776
          ],
          [
            119.1266916,
            25.3411556
          ],
          [
            119.1257027,
            25.3417064
          ],
          [
            119.1248288,
            25.3423612
          ],
          [
            119.1242769,
            25.3428496
          ]
        ]
      }
    },
    {
      "type": "Feature",
      "properties": {
        "name": "莆炎高速",
        "ref": "G1517",
        "highway": "motorway"
      },
      "geometry": {
        "type": "LineString",
        "coordinates": [
          [
            119.1360747,
            25.3388797
          ],
          [
            119.1348098,
            25.3390252
          ]
        ]
      }
    },
    {
      "type": "Feature",
      "properties": {
        "name": "莆炎高速",
        "ref": "G1517",
        "highway": "motorway"
      },
      "geometry": {
        "type": "LineString",
        "coordinates": [
          [
            119.1453309,
            25.3323951
          ],
          [
            119.146361,
            25.3314427
          ]
        ]
      }
    },
    {
      "type": "Feature",
      "properties": {
        "name": "莆炎高速",
        "ref": "G1517",
        "highway": "motorway"
      },
      "geometry": {
        "type": "LineString",
        "coordinates": [
          [
            119.146361,
            25.3314427
          ],
          [
            119.1494189,
            25.3285086
          ],
          [
            119.1507658,
            25.3275528
          ],
          [
            119.1519922,
            25.3268102
          ],
          [
            119.1546822,
            25.3253328
          ],
          [
            119.1555671,
            25.3245697
          ],
          [
            119.1564027,
            25.3237398
          ],
          [
            119.1569675,
            25.3230318
          ],
          [
            119.1577296,
            25.3220008
          ],
          [
            119.1585822,
            25.3206084
          ],
          [
            119.1595469,
            25.319233
          ],
          [
            119.1604482,
            25.3182344
          ],
          [
            119.1612748,
            25.3173541
          ],
          [
            119.1624825,
            25.3160625
          ],
          [
            119.1633166,
            25.3147372
          ],
          [
            119.1639014,
            25.3135556
          ],
          [
            119.1642865,
            25.3124928
          ],
          [
            119.165995,
            25.3068041
          ],
          [
            119.166388,
            25.3060099
          ],
          [
            119.1668931,
            25.3052494
          ],
          [
            119.1704542,
            25.3016117
          ],
          [
            119.1711295,
            25.3007208
          ],
          [
            119.1721728,
            25.2989774
          ],
          [
            119.1727284,
            25.2977962
          ],
          [
            119.1736289,
            25.2941718
          ],
          [
            119.1741209,
            25.2918018
          ],
          [
            119.1746198,
            25.2902321
          ],
          [
            119.1749578,
            25.2894942
          ],
          [
            119.1758166,
            25.2882444
          ],
          [
            119.1768593,
            25.2870363
          ],
          [
            119.1780231,
            25.286246
          ],
          [
            119.1787702,
            25.2858007
          ]
        ]
      }
    },
    {
      "type": "Feature",
      "properties": {
        "name": "莆炎高速",
        "ref": "G1517",
        "highway": "motorway"
      },
      "geometry": {
        "type": "LineString",
        "coordinates": [
          [
            119.1787916,
            25.2859535
          ],
          [
            119.1781395,
            25.2863685
          ],
          [
            119.1769494,
            25.2871785
          ],
          [
            119.1759145,
            25.2883325
          ],
          [
            119.1751096,
            25.2894866
          ],
          [
            119.1747301,
            25.2903261
          ],
          [
            119.1742586,
            25.2918622
          ],
          [
            119.1733617,
            25.295974
          ],
          [
            119.1728328,
            25.2978973
          ],
          [
            119.1723498,
            25.2989993
          ],
          [
            119.1713149,
            25.3008498
          ],
          [
            119.170487,
            25.301879
          ],
          [
            119.1670374,
            25.3053523
          ],
          [
            119.1666078,
            25.3060362
          ],
          [
            119.1661968,
            25.3068552
          ],
          [
            119.1644409,
            25.3125039
          ],
          [
            119.1640486,
            25.313534
          ],
          [
            119.1635816,
            25.3145894
          ],
          [
            119.1629278,
            25.3156616
          ],
          [
            119.1623488,
            25.3164046
          ],
          [
            119.1615642,
            25.3172574
          ],
          [
            119.1601819,
            25.3187686
          ],
          [
            119.1593226,
            25.3198324
          ],
          [
            119.1578516,
            25.3220913
          ],
          [
            119.1570136,
            25.323261
          ],
          [
            119.1563234,
            25.3240408
          ],
          [
            119.155584,
            25.3247983
          ],
          [
            119.1547952,
            25.3254444
          ],
          [
            119.1540065,
            25.32589
          ],
          [
            119.1524783,
            25.3266809
          ],
          [
            119.151443,
            25.3273159
          ],
          [
            119.1504078,
            25.3279731
          ],
          [
            119.1494465,
            25.3287083
          ],
          [
            119.1486331,
            25.3294101
          ],
          [
            119.1476472,
            25.3304238
          ],
          [
            119.1464641,
            25.3315266
          ]
        ]
      }
    },
    {
      "type": "Feature",
      "properties": {
        "name": "莆炎高速",
        "ref": "G1517",
        "highway": "motorway"
      },
      "geometry": {
        "type": "LineString",
        "coordinates": [
          [
            119.1994585,
            25.2629137
          ],
          [
            119.2003122,
            25.2614879
          ]
        ]
      }
    },
    {
      "type": "Feature",
      "properties": {
        "name": "莆炎高速",
        "ref": "G1517",
        "highway": "motorway"
      },
      "geometry": {
        "type": "LineString",
        "coordinates": [
          [
            119.2003122,
            25.2614879
          ],
          [
            119.2020196,
            25.258684
          ],
          [
            119.2026561,
            25.2571888
          ],
          [
            119.2032133,
            25.2555503
          ],
          [
            119.2036332,
            25.2536924
          ],
          [
            119.2036608,
            25.2535703
          ]
        ]
      }
    },
    {
      "type": "Feature",
      "properties": {
        "name": "莆炎高速",
        "ref": "G1517",
        "highway": "motorway"
      },
      "geometry": {
        "type": "LineString",
        "coordinates": [
          [
            119.200523,
            25.2615432
          ],
          [
            119.1996512,
            25.2629886
          ]
        ]
      }
    },
    {
      "type": "Feature",
      "properties": {
        "name": "莆炎高速",
        "ref": "G1517",
        "highway": "motorway"
      },
      "geometry": {
        "type": "LineString",
        "coordinates": [
          [
            119.1454535,
            25.3324957
          ],
          [
            119.1442704,
            25.3337432
          ],
          [
            119.1424464,
            25.3355477
          ],
          [
            119.1418365,
            25.3361294
          ],
          [
            119.1409025,
            25.3368216
          ],
          [
            119.1396323,
            25.337632
          ],
          [
            119.1381005,
            25.3383749
          ],
          [
            119.1372413,
            25.338645
          ],
          [
            119.1360747,
            25.3388797
          ]
        ]
      }
    },
    {
      "type": "Feature",
      "properties": {
        "name": "莆炎高速",
        "ref": "G1517",
        "highway": "motorway"
      },
      "geometry": {
        "type": "LineString",
        "coordinates": [
          [
            119.1464641,
            25.3315266
          ],
          [
            119.1454535,
            25.3324957
          ]
        ]
      }
    },
    {
      "type": "Feature",
      "properties": {
        "name": "沈海高速",
        "ref": "G15",
        "highway": "motorway"
      },
      "geometry": {
        "type": "LineString",
        "coordinates": [
          [
            118.9953051,
            25.3001789
          ],
          [
            118.9951068,
            25.3000378
          ]
        ]
      }
    },
    {
      "type": "Feature",
      "properties": {
        "name": "沈海高速",
        "ref": "G15",
        "highway": "motorway"
      },
      "geometry": {
        "type": "LineString",
        "coordinates": [
          [
            119.0231619,
            25.3428307
          ],
          [
            119.0217226,
            25.3417028
          ],
          [
            119.0202583,
            25.340255
          ],
          [
            119.0190917,
            25.3389967
          ],
          [
            119.017995,
            25.33764
          ],
          [
            119.0170383,
            25.3361967
          ],
          [
            119.0160983,
            25.3344533
          ],
          [
            119.0152,
            25.3323717
          ],
          [
            119.0145567,
            25.33033
          ],
          [
            119.0140867,
            25.3280517
          ],
          [
            119.0134433,
            25.32537
          ],
          [
            119.0122617,
            25.3200633
          ],
          [
            119.0117633,
            25.3181833
          ],
          [
            119.0112083,
            25.3166333
          ],
          [
            119.0108217,
            25.31577
          ],
          [
            119.0103867,
            25.3149033
          ],
          [
            119.0098867,
            25.3140583
          ],
          [
            119.0089733,
            25.31281
          ],
          [
            119.00792,
            25.3116167
          ],
          [
            119.00598,
            25.3097
          ],
          [
            119.00185,
            25.3058567
          ],
          [
            118.9970017,
            25.3015017
          ],
          [
            118.99597,
            25.3006517
          ],
          [
            118.9953051,
            25.3001789
          ]
        ]
      }
    },
    {
      "type": "Feature",
      "properties": {
        "name": "沈海高速",
        "ref": "G15",
        "highway": "motorway"
      },
      "geometry": {
        "type": "LineString",
        "coordinates": [
          [
            118.9950576,
            25.2997971
          ],
          [
            118.9952701,
            25.2999437
          ]
        ]
      }
    },
    {
      "type": "Feature",
      "properties": {
        "name": "沈海高速",
        "ref": "G15",
        "highway": "motorway"
      },
      "geometry": {
        "type": "LineString",
        "coordinates": [
          [
            118.9952701,
            25.2999437
          ],
          [
            118.9958033,
            25.3003117
          ],
          [
            118.9972083,
            25.3014467
          ],
          [
            118.99931,
            25.3033733
          ],
          [
            119.000405,
            25.3044433
          ],
          [
            119.00172,
            25.305585
          ],
          [
            119.0057567,
            25.3093517
          ],
          [
            119.00704,
            25.3104683
          ],
          [
            119.0088117,
            25.3123517
          ],
          [
            119.0103483,
            25.314525
          ],
          [
            119.0110383,
            25.315875
          ],
          [
            119.0116883,
            25.3174217
          ],
          [
            119.0119867,
            25.318315
          ],
          [
            119.0127267,
            25.3212333
          ],
          [
            119.0132783,
            25.3239483
          ],
          [
            119.01472,
            25.3303117
          ],
          [
            119.0150567,
            25.331585
          ],
          [
            119.0153717,
            25.3325517
          ],
          [
            119.01636,
            25.334675
          ],
          [
            119.0170317,
            25.3358867
          ],
          [
            119.0184033,
            25.3379367
          ],
          [
            119.0194733,
            25.3392617
          ],
          [
            119.0210417,
            25.3408483
          ],
          [
            119.0225217,
            25.3421433
          ],
          [
            119.02327,
            25.3426988
          ]
        ]
      }
    },
    {
      "type": "Feature",
      "properties": {
        "name": "沈海高速",
        "ref": "G15",
        "highway": "motorway"
      },
      "geometry": {
        "type": "LineString",
        "coordinates": [
          [
            118.8772639,
            25.2588657
          ],
          [
            118.8766587,
            25.2579206
          ]
        ]
      }
    },
    {
      "type": "Feature",
      "properties": {
        "name": "沈海高速",
        "ref": "G15",
        "highway": "motorway"
      },
      "geometry": {
        "type": "LineString",
        "coordinates": [
          [
            118.8768433,
            25.2578374
          ],
          [
            118.8772738,
            25.2584876
          ],
          [
            118.8774433,
            25.2587599
          ]
        ]
      }
    },
    {
      "type": "Feature",
      "properties": {
        "name": "沈海高速",
        "ref": "G15",
        "highway": "motorway"
      },
      "geometry": {
        "type": "LineString",
        "coordinates": [
          [
            118.8774433,
            25.2587599
          ],
          [
            118.8781511,
            25.2598842
          ],
          [
            118.8794498,
            25.2619258
          ],
          [
            118.8796694,
            25.2622638
          ],
          [
            118.8807467,
            25.2639217
          ],
          [
            118.8820626,
            25.265646
          ]
        ]
      }
    },
    {
      "type": "Feature",
      "properties": {
        "name": "沈海高速",
        "ref": "G15",
        "highway": "motorway"
      },
      "geometry": {
        "type": "LineString",
        "coordinates": [
          [
            118.8766587,
            25.2579206
          ],
          [
            118.8730683,
            25.2523133
          ],
          [
            118.8717167,
            25.2498767
          ],
          [
            118.870645,
            25.2477617
          ],
          [
            118.8700554,
            25.2464686
          ]
        ]
      }
    },
    {
      "type": "Feature",
      "properties": {
        "name": "甬莞高速",
        "ref": "G1523",
        "highway": "motorway"
      },
      "geometry": {
        "type": "LineString",
        "coordinates": [
          [
            118.6556279,
            25.3891947
          ],
          [
            118.6552897,
            25.3885492
          ],
          [
            118.6549779,
            25.3879727
          ],
          [
            118.6546631,
            25.3875392
          ]
        ]
      }
    },
    {
      "type": "Feature",
      "properties": {
        "name": "甬莞高速",
        "ref": "G1523",
        "highway": "motorway"
      },
      "geometry": {
        "type": "LineString",
        "coordinates": [
          [
            118.6431959,
            25.3585928
          ],
          [
            118.6424204,
            25.3580793
          ],
          [
            118.6415413,
            25.3576214
          ],
          [
            118.640094,
            25.3570976
          ],
          [
            118.6384355,
            25.3566708
          ],
          [
            118.6369459,
            25.3561921
          ],
          [
            118.6359708,
            25.3557723
          ],
          [
            118.6348729,
            25.3551756
          ],
          [
            118.6341166,
            25.354683
          ],
          [
            118.6329111,
            25.3537012
          ],
          [
            118.6318477,
            25.3526951
          ],
          [
            118.6313832,
            25.3522267
          ],
          [
            118.6307267,
            25.3516647
          ],
          [
            118.6299896,
            25.3510506
          ],
          [
            118.6289377,
            25.3503498
          ],
          [
            118.6279353,
            25.3497768
          ],
          [
            118.6276246,
            25.3495978
          ],
          [
            118.6272109,
            25.3493585
          ],
          [
            118.6262802,
            25.3488251
          ],
          [
            118.6256743,
            25.3484441
          ],
          [
            118.6250991,
            25.3480277
          ],
          [
            118.6244875,
            25.3475432
          ],
          [
            118.6239764,
            25.3470916
          ],
          [
            118.6237392,
            25.3468821
          ],
          [
            118.622949,
            25.3460493
          ],
          [
            118.6224508,
            25.3454441
          ],
          [
            118.6218477,
            25.344677
          ],
          [
            118.6212781,
            25.3438594
          ],
          [
            118.620848,
            25.3430922
          ],
          [
            118.6204795,
            25.3422947
          ],
          [
            118.6201165,
            25.3414216
          ],
          [
            118.6198484,
            25.3404576
          ],
          [
            118.6196585,
            25.339539
          ],
          [
            118.6195524,
            25.3387869
          ],
          [
            118.6194296,
            25.3383832
          ],
          [
            118.6192229,
            25.3374696
          ],
          [
            118.6189381,
            25.3366973
          ],
          [
            118.6185304,
            25.3359099
          ],
          [
            118.6176816,
            25.3344563
          ],
          [
            118.6172572,
            25.3337143
          ],
          [
            118.6166708,
            25.3328562
          ],
          [
            118.6164195,
            25.3324171
          ],
          [
            118.6160565,
            25.3315287
          ],
          [
            118.6157549,
            25.3307817
          ],
          [
            118.6153951,
            25.32979
          ]
        ]
      }
    },
    {
      "type": "Feature",
      "properties": {
        "name": "甬莞高速",
        "ref": "G1523",
        "highway": "motorway"
      },
      "geometry": {
        "type": "LineString",
        "coordinates": [
          [
            118.6548129,
            25.3874334
          ],
          [
            118.6550278,
            25.3877368
          ],
          [
            118.6553388,
            25.3881981
          ],
          [
            118.6557265,
            25.3889022
          ],
          [
            118.6558098,
            25.3890873
          ]
        ]
      }
    },
    {
      "type": "Feature",
      "properties": {
        "name": "甬莞高速",
        "ref": "G1523",
        "highway": "motorway"
      },
      "geometry": {
        "type": "LineString",
        "coordinates": [
          [
            118.6558098,
            25.3890873
          ],
          [
            118.6561104,
            25.3897554
          ],
          [
            118.6564252,
            25.39056
          ],
          [
            118.656523,
            25.3909197
          ]
        ]
      }
    },
    {
      "type": "Feature",
      "properties": {
        "name": "沈海高速",
        "ref": "G15",
        "highway": "motorway"
      },
      "geometry": {
        "type": "LineString",
        "coordinates": [
          [
            119.1088558,
            25.4310099
          ],
          [
            119.110405,
            25.4320432
          ]
        ]
      }
    },
    {
      "type": "Feature",
      "properties": {
        "name": "沈海高速",
        "ref": "G15",
        "highway": "motorway"
      },
      "geometry": {
        "type": "LineString",
        "coordinates": [
          [
            119.110405,
            25.4320432
          ],
          [
            119.1115058,
            25.4327908
          ]
        ]
      }
    },
    {
      "type": "Feature",
      "properties": {
        "name": "沈海高速",
        "ref": "G15",
        "highway": "motorway"
      },
      "geometry": {
        "type": "LineString",
        "coordinates": [
          [
            119.1115058,
            25.4327908
          ],
          [
            119.116148,
            25.4359433
          ]
        ]
      }
    },
    {
      "type": "Feature",
      "properties": {
        "name": "甬莞高速",
        "ref": "G1523",
        "highway": "motorway"
      },
      "geometry": {
        "type": "LineString",
        "coordinates": [
          [
            118.7484367,
            25.6749621
          ],
          [
            118.7485079,
            25.6752808
          ],
          [
            118.748732,
            25.6762247
          ],
          [
            118.7488513,
            25.6779876
          ],
          [
            118.7489219,
            25.6788008
          ],
          [
            118.7492824,
            25.6800974
          ],
          [
            118.7495615,
            25.6813579
          ]
        ]
      }
    },
    {
      "type": "Feature",
      "properties": {
        "name": "甬莞高速",
        "ref": "G1523",
        "highway": "motorway"
      },
      "geometry": {
        "type": "LineString",
        "coordinates": [
          [
            118.7389242,
            25.6613421
          ],
          [
            118.7388028,
            25.6612113
          ],
          [
            118.7380974,
            25.6605822
          ],
          [
            118.7371532,
            25.6598925
          ],
          [
            118.7361716,
            25.6592399
          ],
          [
            118.7352385,
            25.6586713
          ],
          [
            118.7343428,
            25.6580389
          ],
          [
            118.7334657,
            25.6572752
          ],
          [
            118.7328648,
            25.6566662
          ],
          [
            118.732752,
            25.6565207
          ]
        ]
      }
    },
    {
      "type": "Feature",
      "properties": {
        "name": "甬莞高速",
        "ref": "G1523",
        "highway": "motorway"
      },
      "geometry": {
        "type": "LineString",
        "coordinates": [
          [
            118.7494427,
            25.681456
          ],
          [
            118.7491756,
            25.680414
          ],
          [
            118.7488453,
            25.679016
          ],
          [
            118.7486928,
            25.6780466
          ],
          [
            118.7486818,
            25.6767558
          ],
          [
            118.7485169,
            25.6757809
          ],
          [
            118.7482993,
            25.6750072
          ]
        ]
      }
    },
    {
      "type": "Feature",
      "properties": {
        "name": "甬莞高速",
        "ref": "G1523",
        "highway": "motorway"
      },
      "geometry": {
        "type": "LineString",
        "coordinates": [
          [
            118.7495615,
            25.6813579
          ],
          [
            118.749781,
            25.6819872
          ],
          [
            118.7499803,
            25.6823851
          ],
          [
            118.7503454,
            25.6831061
          ],
          [
            118.7508726,
            25.6839764
          ],
          [
            118.7516245,
            25.685236
          ],
          [
            118.7520908,
            25.6861889
          ],
          [
            118.7524578,
            25.6869147
          ]
        ]
      }
    },
    {
      "type": "Feature",
      "properties": {
        "name": "莆炎高速",
        "ref": "G1517",
        "highway": "motorway"
      },
      "geometry": {
        "type": "LineString",
        "coordinates": [
          [
            118.7883968,
            25.682075
          ],
          [
            118.789954,
            25.6820418
          ],
          [
            118.7908684,
            25.6819187
          ],
          [
            118.7912037,
            25.6818713
          ]
        ]
      }
    },
    {
      "type": "Feature",
      "properties": {
        "name": "莆炎高速",
        "ref": "G1517",
        "highway": "motorway"
      },
      "geometry": {
        "type": "LineString",
        "coordinates": [
          [
            118.785082,
            25.6816554
          ],
          [
            118.7865188,
            25.6818906
          ],
          [
            118.7883968,
            25.682075
          ]
        ]
      }
    },
    {
      "type": "Feature",
      "properties": {
        "name": "莆炎高速",
        "ref": "G1517",
        "highway": "motorway"
      },
      "geometry": {
        "type": "LineString",
        "coordinates": [
          [
            118.7849992,
            25.6818121
          ],
          [
            118.7837255,
            25.6817378
          ],
          [
            118.7825399,
            25.6818251
          ],
          [
            118.7797848,
            25.6821393
          ]
        ]
      }
    },
    {
      "type": "Feature",
      "properties": {
        "name": "莆炎高速",
        "ref": "G1517",
        "highway": "motorway"
      },
      "geometry": {
        "type": "LineString",
        "coordinates": [
          [
            118.7881923,
            25.6822213
          ],
          [
            118.7863672,
            25.6820217
          ],
          [
            118.7849992,
            25.6818121
          ]
        ]
      }
    },
    {
      "type": "Feature",
      "properties": {
        "name": "秀永高速",
        "ref": "S55",
        "highway": "motorway"
      },
      "geometry": {
        "type": "LineString",
        "coordinates": [
          [
            118.653412,
            25.3868333
          ],
          [
            118.653792,
            25.3867056
          ],
          [
            118.6545933,
            25.3864626
          ],
          [
            118.6546974,
            25.3864385
          ]
        ]
      }
    },
    {
      "type": "Feature",
      "properties": {
        "name": "秀永高速",
        "ref": "S55",
        "highway": "motorway"
      },
      "geometry": {
        "type": "LineString",
        "coordinates": [
          [
            118.6546974,
            25.3864385
          ],
          [
            118.6553484,
            25.3862876
          ],
          [
            118.6563243,
            25.386133
          ],
          [
            118.6573662,
            25.3859896
          ],
          [
            118.6587321,
            25.3859082
          ],
          [
            118.6595933,
            25.3859153
          ],
          [
            118.6597613,
            25.3859384
          ],
          [
            118.6606375,
            25.386059
          ],
          [
            118.6623952,
            25.3863652
          ]
        ]
      }
    },
    {
      "type": "Feature",
      "properties": {
        "name": "秀永高速",
        "ref": "S55",
        "highway": "motorway"
      },
      "geometry": {
        "type": "LineString",
        "coordinates": [
          [
            118.6623952,
            25.3863652
          ],
          [
            118.6629975,
            25.3864632
          ]
        ]
      }
    },
    {
      "type": "Feature",
      "properties": {
        "name": "秀永高速",
        "ref": "S55",
        "highway": "motorway"
      },
      "geometry": {
        "type": "LineString",
        "coordinates": [
          [
            118.7291584,
            25.3830309
          ],
          [
            118.730046,
            25.3826197
          ],
          [
            118.730751,
            25.3823396
          ],
          [
            118.73126,
            25.3821775
          ],
          [
            118.7321306,
            25.3819489
          ],
          [
            118.7329213,
            25.3818047
          ],
          [
            118.7336479,
            25.3817215
          ],
          [
            118.7344422,
            25.3816997
          ],
          [
            118.7362221,
            25.3817345
          ],
          [
            118.7374923,
            25.3817965
          ],
          [
            118.738852,
            25.3818525
          ],
          [
            118.7400252,
            25.3818825
          ],
          [
            118.7408513,
            25.381882
          ],
          [
            118.7415975,
            25.3818573
          ],
          [
            118.7421539,
            25.3818241
          ],
          [
            118.7428796,
            25.38176
          ],
          [
            118.7440293,
            25.3816376
          ],
          [
            118.7455794,
            25.3814547
          ]
        ]
      }
    },
    {
      "type": "Feature",
      "properties": {
        "name": "秀永高速",
        "ref": "S55",
        "highway": "motorway"
      },
      "geometry": {
        "type": "LineString",
        "coordinates": [
          [
            118.6629609,
            25.386553
          ],
          [
            118.6623764,
            25.3864443
          ]
        ]
      }
    },
    {
      "type": "Feature",
      "properties": {
        "name": "秀永高速",
        "ref": "S55",
        "highway": "motorway"
      },
      "geometry": {
        "type": "LineString",
        "coordinates": [
          [
            118.6623764,
            25.3864443
          ],
          [
            118.6613515,
            25.3862538
          ],
          [
            118.66033,
            25.3860968
          ],
          [
            118.6593791,
            25.3860038
          ],
          [
            118.6584913,
            25.3859969
          ],
          [
            118.6573258,
            25.3861113
          ],
          [
            118.65627,
            25.3862333
          ],
          [
            118.6553446,
            25.3863799
          ],
          [
            118.6549373,
            25.3864873
          ],
          [
            118.6547772,
            25.3865295
          ]
        ]
      }
    },
    {
      "type": "Feature",
      "properties": {
        "name": "秀永高速",
        "ref": "S55",
        "highway": "motorway"
      },
      "geometry": {
        "type": "LineString",
        "coordinates": [
          [
            118.6547772,
            25.3865295
          ],
          [
            118.6534719,
            25.3869184
          ]
        ]
      }
    },
    {
      "type": "Feature",
      "properties": {
        "name": "秀永高速",
        "ref": "S55",
        "highway": "motorway"
      },
      "geometry": {
        "type": "LineString",
        "coordinates": [
          [
            118.6534719,
            25.3869184
          ],
          [
            118.6528725,
            25.3871575
          ]
        ]
      }
    },
    {
      "type": "Feature",
      "properties": {
        "name": "秀永高速",
        "ref": "S55",
        "highway": "motorway"
      },
      "geometry": {
        "type": "LineString",
        "coordinates": [
          [
            118.6527176,
            25.3871123
          ],
          [
            118.653412,
            25.3868333
          ]
        ]
      }
    },
    {
      "type": "Feature",
      "properties": {
        "name": "秀永高速",
        "ref": "S55",
        "highway": "motorway"
      },
      "geometry": {
        "type": "LineString",
        "coordinates": [
          [
            118.6490998,
            25.3885119
          ],
          [
            118.6499045,
            25.3882532
          ],
          [
            118.6511484,
            25.3877428
          ],
          [
            118.6527176,
            25.3871123
          ]
        ]
      }
    },
    {
      "type": "Feature",
      "properties": {
        "name": "秀永高速",
        "ref": "S55",
        "highway": "motorway"
      },
      "geometry": {
        "type": "LineString",
        "coordinates": [
          [
            118.6133732,
            25.381502
          ],
          [
            118.6126514,
            25.3809326
          ],
          [
            118.6120044,
            25.3804111
          ],
          [
            118.6112428,
            25.3797135
          ],
          [
            118.6098315,
            25.37829
          ],
          [
            118.6091419,
            25.3777007
          ],
          [
            118.6085256,
            25.3771926
          ],
          [
            118.6078092,
            25.3767657
          ],
          [
            118.6068463,
            25.3763766
          ],
          [
            118.6059872,
            25.3761135
          ],
          [
            118.605166,
            25.3760184
          ],
          [
            118.604338,
            25.3759559
          ],
          [
            118.6033863,
            25.3760007
          ],
          [
            118.602623,
            25.3761517
          ],
          [
            118.6018953,
            25.3763503
          ],
          [
            118.6010524,
            25.3766265
          ],
          [
            118.6002766,
            25.3770017
          ],
          [
            118.5991575,
            25.377632
          ],
          [
            118.5979957,
            25.3785221
          ],
          [
            118.5969391,
            25.3791631
          ],
          [
            118.5959055,
            25.3795993
          ],
          [
            118.5950236,
            25.3799655
          ]
        ]
      }
    },
    {
      "type": "Feature",
      "properties": {
        "name": "秀永高速",
        "ref": "S55",
        "highway": "motorway"
      },
      "geometry": {
        "type": "LineString",
        "coordinates": [
          [
            118.6528725,
            25.3871575
          ],
          [
            118.6508316,
            25.3879715
          ],
          [
            118.6498733,
            25.3883554
          ],
          [
            118.6491611,
            25.3885757
          ]
        ]
      }
    },
    {
      "type": "Feature",
      "properties": {
        "name": "甬莞高速",
        "ref": "G1523",
        "highway": "motorway"
      },
      "geometry": {
        "type": "LineString",
        "coordinates": [
          [
            118.656523,
            25.3909197
          ],
          [
            118.6566542,
            25.3914266
          ]
        ]
      }
    },
    {
      "type": "Feature",
      "properties": {
        "name": "甬莞高速",
        "ref": "G1523",
        "highway": "motorway"
      },
      "geometry": {
        "type": "LineString",
        "coordinates": [
          [
            118.6566542,
            25.3914266
          ],
          [
            118.6568591,
            25.3923843
          ],
          [
            118.6570011,
            25.3935357
          ],
          [
            118.657154,
            25.3944722
          ],
          [
            118.6572122,
            25.3948293
          ],
          [
            118.6574695,
            25.3958177
          ],
          [
            118.6577152,
            25.3966292
          ],
          [
            118.6580837,
            25.3974823
          ],
          [
            118.658744,
            25.3985921
          ],
          [
            118.6589245,
            25.3988418
          ],
          [
            118.6595349,
            25.3996082
          ],
          [
            118.6607096,
            25.4007492
          ],
          [
            118.6621416,
            25.4019733
          ],
          [
            118.6626982,
            25.4025351
          ],
          [
            118.6632165,
            25.4031212
          ],
          [
            118.6636772,
            25.4036969
          ],
          [
            118.6641724,
            25.4044216
          ],
          [
            118.664683,
            25.4053198
          ],
          [
            118.6650516,
            25.4061139
          ],
          [
            118.665232,
            25.406537
          ],
          [
            118.6655161,
            25.4073346
          ]
        ]
      }
    },
    {
      "type": "Feature",
      "properties": {
        "name": "甬莞高速",
        "ref": "G1523",
        "highway": "motorway"
      },
      "geometry": {
        "type": "LineString",
        "coordinates": [
          [
            118.6563256,
            25.3909059
          ],
          [
            118.6560797,
            25.3902409
          ],
          [
            118.6559108,
            25.3897346
          ],
          [
            118.6556279,
            25.3891947
          ]
        ]
      }
    },
    {
      "type": "Feature",
      "properties": {
        "name": "甬莞高速",
        "ref": "G1523",
        "highway": "motorway"
      },
      "geometry": {
        "type": "LineString",
        "coordinates": [
          [
            118.6564626,
            25.3914145
          ],
          [
            118.6563256,
            25.3909059
          ]
        ]
      }
    },
    {
      "type": "Feature",
      "properties": {
        "name": "莆炎高速",
        "ref": "G1517",
        "highway": "motorway"
      },
      "geometry": {
        "type": "LineString",
        "coordinates": [
          [
            119.1144395,
            25.5395634
          ],
          [
            119.1149168,
            25.5392973
          ],
          [
            119.1153011,
            25.5390477
          ],
          [
            119.1157277,
            25.5387464
          ],
          [
            119.1159237,
            25.538591
          ]
        ]
      }
    },
    {
      "type": "Feature",
      "properties": {
        "name": "莆炎高速",
        "ref": "G1517",
        "highway": "motorway"
      },
      "geometry": {
        "type": "LineString",
        "coordinates": [
          [
            119.1145278,
            25.5396942
          ],
          [
            119.1134282,
            25.5402207
          ],
          [
            119.1122172,
            25.5407022
          ],
          [
            119.1116183,
            25.5409066
          ],
          [
            119.1109904,
            25.5410904
          ],
          [
            119.1093295,
            25.5414485
          ],
          [
            119.1070383,
            25.5418679
          ]
        ]
      }
    },
    {
      "type": "Feature",
      "properties": {
        "name": "莆炎高速",
        "ref": "G1517",
        "highway": "motorway"
      },
      "geometry": {
        "type": "LineString",
        "coordinates": [
          [
            119.1159237,
            25.538591
          ],
          [
            119.1164568,
            25.5381682
          ],
          [
            119.1169364,
            25.537756
          ],
          [
            119.1175397,
            25.5371112
          ],
          [
            119.1189918,
            25.53555
          ],
          [
            119.1197534,
            25.5348216
          ],
          [
            119.1202586,
            25.5344139
          ],
          [
            119.1213993,
            25.5336211
          ]
        ]
      }
    },
    {
      "type": "Feature",
      "properties": {
        "name": "莆炎高速",
        "ref": "G1517",
        "highway": "motorway"
      },
      "geometry": {
        "type": "LineString",
        "coordinates": [
          [
            119.1160303,
            25.5386895
          ],
          [
            119.1151731,
            25.5393073
          ],
          [
            119.115018,
            25.5394089
          ],
          [
            119.1145278,
            25.5396942
          ]
        ]
      }
    },
    {
      "type": "Feature",
      "properties": {
        "name": "秀永高速",
        "ref": "S55",
        "highway": "motorway"
      },
      "geometry": {
        "type": "LineString",
        "coordinates": [
          [
            118.7846752,
            25.3894478
          ],
          [
            118.7842782,
            25.3895314
          ],
          [
            118.7835879,
            25.3896081
          ],
          [
            118.7823678,
            25.3896302
          ],
          [
            118.7811984,
            25.389628
          ],
          [
            118.7799251,
            25.3894438
          ],
          [
            118.7789528,
            25.3892125
          ]
        ]
      }
    },
    {
      "type": "Feature",
      "properties": {
        "name": "秀永高速",
        "ref": "S55",
        "highway": "motorway"
      },
      "geometry": {
        "type": "LineString",
        "coordinates": [
          [
            118.7789997,
            25.389073
          ],
          [
            118.7800042,
            25.3892985
          ],
          [
            118.7812744,
            25.3895069
          ],
          [
            118.7823583,
            25.3895268
          ],
          [
            118.7835506,
            25.3894993
          ],
          [
            118.7841053,
            25.3894558
          ],
          [
            118.7843896,
            25.3894027
          ]
        ]
      }
    },
    {
      "type": "Feature",
      "properties": {
        "name": "秀永高速",
        "ref": "S55",
        "highway": "motorway"
      },
      "geometry": {
        "type": "LineString",
        "coordinates": [
          [
            118.7730983,
            25.3862578
          ],
          [
            118.7737726,
            25.386643
          ],
          [
            118.7744378,
            25.3870065
          ],
          [
            118.775918,
            25.3877933
          ],
          [
            118.7766134,
            25.388123
          ],
          [
            118.7776014,
            25.3885397
          ],
          [
            118.7781935,
            25.3887636
          ],
          [
            118.7789997,
            25.389073
          ]
        ]
      }
    },
    {
      "type": "Feature",
      "properties": {
        "name": "秀永高速",
        "ref": "S55",
        "highway": "motorway"
      },
      "geometry": {
        "type": "LineString",
        "coordinates": [
          [
            118.7789528,
            25.3892125
          ],
          [
            118.7781064,
            25.3889715
          ],
          [
            118.7775029,
            25.3887432
          ],
          [
            118.7765043,
            25.3883221
          ],
          [
            118.7757975,
            25.387987
          ],
          [
            118.774304,
            25.3871931
          ],
          [
            118.7734149,
            25.3866461
          ],
          [
            118.7730598,
            25.3863629
          ]
        ]
      }
    },
    {
      "type": "Feature",
      "properties": {
        "name": "秀永高速",
        "ref": "S55",
        "highway": "motorway"
      },
      "geometry": {
        "type": "LineString",
        "coordinates": [
          [
            118.7209502,
            25.3900056
          ],
          [
            118.7203699,
            25.390399
          ]
        ]
      }
    },
    {
      "type": "Feature",
      "properties": {
        "name": "秀永高速",
        "ref": "S55",
        "highway": "motorway"
      },
      "geometry": {
        "type": "LineString",
        "coordinates": [
          [
            118.7202895,
            25.3903215
          ],
          [
            118.7208559,
            25.3899433
          ]
        ]
      }
    },
    {
      "type": "Feature",
      "properties": {
        "name": "秀永高速",
        "ref": "S55",
        "highway": "motorway"
      },
      "geometry": {
        "type": "LineString",
        "coordinates": [
          [
            118.7208559,
            25.3899433
          ],
          [
            118.721606,
            25.3893606
          ],
          [
            118.7227886,
            25.3882386
          ]
        ]
      }
    },
    {
      "type": "Feature",
      "properties": {
        "name": "秀永高速",
        "ref": "S55",
        "highway": "motorway"
      },
      "geometry": {
        "type": "LineString",
        "coordinates": [
          [
            118.7228759,
            25.3883204
          ],
          [
            118.7217343,
            25.3893955
          ],
          [
            118.7209502,
            25.3900056
          ]
        ]
      }
    },
    {
      "type": "Feature",
      "properties": {
        "name": "秀永高速",
        "ref": "S55",
        "highway": "motorway"
      },
      "geometry": {
        "type": "LineString",
        "coordinates": [
          [
            118.7280476,
            25.383618
          ],
          [
            118.7291584,
            25.3830309
          ]
        ]
      }
    },
    {
      "type": "Feature",
      "properties": {
        "name": "秀永高速",
        "ref": "S55",
        "highway": "motorway"
      },
      "geometry": {
        "type": "LineString",
        "coordinates": [
          [
            118.7292022,
            25.3831112
          ],
          [
            118.7280924,
            25.3837292
          ]
        ]
      }
    },
    {
      "type": "Feature",
      "properties": {
        "name": "秀永高速",
        "ref": "S55",
        "highway": "motorway"
      },
      "geometry": {
        "type": "LineString",
        "coordinates": [
          [
            118.7267406,
            25.3845064
          ],
          [
            118.7272234,
            25.3841157
          ],
          [
            118.7280476,
            25.383618
          ]
        ]
      }
    },
    {
      "type": "Feature",
      "properties": {
        "name": "秀永高速",
        "ref": "S55",
        "highway": "motorway"
      },
      "geometry": {
        "type": "LineString",
        "coordinates": [
          [
            118.7280924,
            25.3837292
          ],
          [
            118.7274544,
            25.3841106
          ],
          [
            118.7268569,
            25.3845912
          ]
        ]
      }
    },
    {
      "type": "Feature",
      "properties": {
        "name": "秀永高速",
        "ref": "S55",
        "highway": "motorway"
      },
      "geometry": {
        "type": "LineString",
        "coordinates": [
          [
            118.7268569,
            25.3845912
          ],
          [
            118.7228759,
            25.3883204
          ]
        ]
      }
    },
    {
      "type": "Feature",
      "properties": {
        "name": "秀永高速",
        "ref": "S55",
        "highway": "motorway"
      },
      "geometry": {
        "type": "LineString",
        "coordinates": [
          [
            118.7227886,
            25.3882386
          ],
          [
            118.7267406,
            25.3845064
          ]
        ]
      }
    },
    {
      "type": "Feature",
      "properties": {
        "name": "秀永高速",
        "ref": "S55",
        "highway": "motorway"
      },
      "geometry": {
        "type": "LineString",
        "coordinates": [
          [
            118.7203699,
            25.390399
          ],
          [
            118.7198088,
            25.3907432
          ],
          [
            118.7187524,
            25.3911899
          ],
          [
            118.717891,
            25.3914485
          ],
          [
            118.7173051,
            25.3915935
          ],
          [
            118.7155612,
            25.3917695
          ],
          [
            118.7147534,
            25.391819
          ],
          [
            118.714096,
            25.3917514
          ],
          [
            118.7130469,
            25.3915842
          ],
          [
            118.7117529,
            25.3912616
          ],
          [
            118.7096973,
            25.3906875
          ],
          [
            118.7081557,
            25.3901698
          ],
          [
            118.7070508,
            25.3897782
          ],
          [
            118.7055424,
            25.3890979
          ],
          [
            118.7029516,
            25.3878453
          ],
          [
            118.7017592,
            25.3872798
          ],
          [
            118.7008769,
            25.3870132
          ],
          [
            118.6999851,
            25.3868273
          ]
        ]
      }
    },
    {
      "type": "Feature",
      "properties": {
        "name": "秀永高速",
        "ref": "S55",
        "highway": "motorway"
      },
      "geometry": {
        "type": "LineString",
        "coordinates": [
          [
            118.7000198,
            25.3867033
          ],
          [
            118.7018323,
            25.38721
          ],
          [
            118.7031135,
            25.3877888
          ],
          [
            118.7058379,
            25.3891139
          ],
          [
            118.7071537,
            25.3897024
          ],
          [
            118.7085345,
            25.3902437
          ],
          [
            118.7098097,
            25.3906258
          ],
          [
            118.7117669,
            25.391153
          ],
          [
            118.7130188,
            25.3914865
          ],
          [
            118.7142763,
            25.3916937
          ],
          [
            118.7149278,
            25.3917139
          ],
          [
            118.7171245,
            25.3915067
          ],
          [
            118.717839,
            25.3913429
          ],
          [
            118.7186568,
            25.3911331
          ],
          [
            118.7197233,
            25.3906399
          ],
          [
            118.7202895,
            25.3903215
          ]
        ]
      }
    },
    {
      "type": "Feature",
      "properties": {
        "name": "秀永高速",
        "ref": "S55",
        "highway": "motorway"
      },
      "geometry": {
        "type": "LineString",
        "coordinates": [
          [
            118.6976354,
            25.3863105
          ],
          [
            118.699006,
            25.3865012
          ],
          [
            118.7000198,
            25.3867033
          ]
        ]
      }
    },
    {
      "type": "Feature",
      "properties": {
        "name": "秀永高速",
        "ref": "S55",
        "highway": "motorway"
      },
      "geometry": {
        "type": "LineString",
        "coordinates": [
          [
            118.6999851,
            25.3868273
          ],
          [
            118.6991367,
            25.3866721
          ],
          [
            118.6976693,
            25.3864082
          ]
        ]
      }
    },
    {
      "type": "Feature",
      "properties": {
        "name": "秀永高速",
        "ref": "S55",
        "highway": "motorway"
      },
      "geometry": {
        "type": "LineString",
        "coordinates": [
          [
            118.6976693,
            25.3864082
          ],
          [
            118.6965752,
            25.3862889
          ],
          [
            118.695513,
            25.3863812
          ],
          [
            118.6944339,
            25.3866143
          ],
          [
            118.6933404,
            25.386856
          ],
          [
            118.6920498,
            25.3873103
          ],
          [
            118.6899619,
            25.3882012
          ],
          [
            118.688913,
            25.3885623
          ],
          [
            118.6881102,
            25.3887993
          ],
          [
            118.6871109,
            25.3889739
          ],
          [
            118.6862231,
            25.3890641
          ],
          [
            118.6852085,
            25.3891226
          ],
          [
            118.6842745,
            25.389076
          ],
          [
            118.683282,
            25.3889686
          ],
          [
            118.682266,
            25.3888415
          ],
          [
            118.6779463,
            25.3878713
          ],
          [
            118.6765547,
            25.3876085
          ],
          [
            118.6752786,
            25.3873963
          ],
          [
            118.6742771,
            25.3872981
          ],
          [
            118.6729792,
            25.3872487
          ],
          [
            118.6689158,
            25.3870232
          ],
          [
            118.6676462,
            25.3870013
          ],
          [
            118.6664329,
            25.3869797
          ],
          [
            118.665438,
            25.3868879
          ],
          [
            118.6645363,
            25.3867989
          ],
          [
            118.6629609,
            25.386553
          ]
        ]
      }
    },
    {
      "type": "Feature",
      "properties": {
        "name": "秀永高速",
        "ref": "S55",
        "highway": "motorway"
      },
      "geometry": {
        "type": "LineString",
        "coordinates": [
          [
            118.6629975,
            25.3864632
          ],
          [
            118.6646337,
            25.3867231
          ],
          [
            118.6655934,
            25.3868202
          ],
          [
            118.6665849,
            25.3868916
          ],
          [
            118.6676793,
            25.3869029
          ],
          [
            118.668904,
            25.3869393
          ],
          [
            118.6729739,
            25.3870243
          ],
          [
            118.6742867,
            25.3870743
          ],
          [
            118.6753069,
            25.3871743
          ],
          [
            118.676596,
            25.3873887
          ],
          [
            118.6779958,
            25.387653
          ],
          [
            118.6823218,
            25.3886247
          ],
          [
            118.6833262,
            25.3888605
          ],
          [
            118.6842688,
            25.3889646
          ],
          [
            118.685138,
            25.3890142
          ],
          [
            118.686196,
            25.3889713
          ],
          [
            118.6870604,
            25.3888883
          ],
          [
            118.6880166,
            25.3887253
          ],
          [
            118.6888754,
            25.3884896
          ],
          [
            118.6898997,
            25.3880976
          ],
          [
            118.6919978,
            25.3872384
          ],
          [
            118.6932616,
            25.3867874
          ],
          [
            118.6943429,
            25.3865384
          ],
          [
            118.6954501,
            25.3863241
          ],
          [
            118.6965889,
            25.386224
          ],
          [
            118.6976354,
            25.3863105
          ]
        ]
      }
    },
    {
      "type": "Feature",
      "properties": {
        "name": "沈海高速",
        "ref": "G15",
        "highway": "motorway"
      },
      "geometry": {
        "type": "LineString",
        "coordinates": [
          [
            119.0671816,
            25.3779702
          ],
          [
            119.0691569,
            25.380824
          ],
          [
            119.0694724,
            25.3812931
          ]
        ]
      }
    },
    {
      "type": "Feature",
      "properties": {
        "name": "沈海高速",
        "ref": "G15",
        "highway": "motorway"
      },
      "geometry": {
        "type": "LineString",
        "coordinates": [
          [
            119.0728176,
            25.3871532
          ],
          [
            119.0717705,
            25.3853329
          ],
          [
            119.0699213,
            25.3824314
          ],
          [
            119.0691774,
            25.3813425
          ]
        ]
      }
    },
    {
      "type": "Feature",
      "properties": {
        "name": "沈海高速",
        "ref": "G15",
        "highway": "motorway"
      },
      "geometry": {
        "type": "LineString",
        "coordinates": [
          [
            119.0691774,
            25.3813425
          ],
          [
            119.0690161,
            25.3811117
          ],
          [
            119.0682516,
            25.38002
          ],
          [
            119.0680874,
            25.3797855
          ]
        ]
      }
    },
    {
      "type": "Feature",
      "properties": {
        "name": "甬莞高速",
        "ref": "G1523",
        "highway": "motorway"
      },
      "geometry": {
        "type": "LineString",
        "coordinates": [
          [
            118.7261547,
            25.6460213
          ],
          [
            118.726672,
            25.6469777
          ],
          [
            118.7271734,
            25.6477533
          ],
          [
            118.7286038,
            25.64949
          ],
          [
            118.7286939,
            25.6496058
          ]
        ]
      }
    },
    {
      "type": "Feature",
      "properties": {
        "name": "甬莞高速",
        "ref": "G1523",
        "highway": "motorway"
      },
      "geometry": {
        "type": "LineString",
        "coordinates": [
          [
            118.7285669,
            25.6497059
          ],
          [
            118.7281808,
            25.6492276
          ],
          [
            118.7275239,
            25.6484807
          ],
          [
            118.7267961,
            25.647579
          ],
          [
            118.7262214,
            25.6467278
          ],
          [
            118.7259303,
            25.6462096
          ],
          [
            118.7255421,
            25.6453584
          ]
        ]
      }
    },
    {
      "type": "Feature",
      "properties": {
        "name": "甬莞高速",
        "ref": "G1523",
        "highway": "motorway"
      },
      "geometry": {
        "type": "LineString",
        "coordinates": [
          [
            118.7300968,
            25.6518528
          ],
          [
            118.7300693,
            25.6518014
          ],
          [
            118.7297073,
            25.6512294
          ],
          [
            118.7292184,
            25.6505128
          ],
          [
            118.7285669,
            25.6497059
          ]
        ]
      }
    },
    {
      "type": "Feature",
      "properties": {
        "name": "甬莞高速",
        "ref": "G1523",
        "highway": "motorway"
      },
      "geometry": {
        "type": "LineString",
        "coordinates": [
          [
            118.7286939,
            25.6496058
          ],
          [
            118.7295222,
            25.65067
          ],
          [
            118.7300659,
            25.6515455
          ],
          [
            118.7302187,
            25.6517921
          ]
        ]
      }
    },
    {
      "type": "Feature",
      "properties": {
        "name": "甬莞高速",
        "ref": "G1523",
        "highway": "motorway"
      },
      "geometry": {
        "type": "LineString",
        "coordinates": [
          [
            118.7443944,
            25.6694715
          ],
          [
            118.7450099,
            25.669855
          ],
          [
            118.7457852,
            25.6705984
          ],
          [
            118.7463914,
            25.6712849
          ],
          [
            118.7467714,
            25.6716892
          ],
          [
            118.747352,
            25.672398
          ],
          [
            118.747769,
            25.6731354
          ],
          [
            118.7481543,
            25.6739584
          ],
          [
            118.7483654,
            25.6746434
          ],
          [
            118.7484367,
            25.6749621
          ]
        ]
      }
    },
    {
      "type": "Feature",
      "properties": {
        "name": "甬莞高速",
        "ref": "G1523",
        "highway": "motorway"
      },
      "geometry": {
        "type": "LineString",
        "coordinates": [
          [
            118.7482993,
            25.6750072
          ],
          [
            118.7482118,
            25.6746839
          ],
          [
            118.7480066,
            25.6740482
          ],
          [
            118.7476856,
            25.673288
          ],
          [
            118.7473161,
            25.6726421
          ],
          [
            118.7468608,
            25.6720232
          ],
          [
            118.7462188,
            25.6712966
          ],
          [
            118.7456961,
            25.6707522
          ],
          [
            118.7451728,
            25.6702496
          ],
          [
            118.7447504,
            25.6699015
          ],
          [
            118.7442635,
            25.6695825
          ]
        ]
      }
    },
    {
      "type": "Feature",
      "properties": {
        "name": "甬莞高速",
        "ref": "G1523",
        "highway": "motorway"
      },
      "geometry": {
        "type": "LineString",
        "coordinates": [
          [
            118.7429658,
            25.6680547
          ],
          [
            118.7431111,
            25.6682591
          ],
          [
            118.7431822,
            25.6683591
          ],
          [
            118.7437787,
            25.6690489
          ],
          [
            118.7440865,
            25.6692795
          ],
          [
            118.7443944,
            25.6694715
          ]
        ]
      }
    },
    {
      "type": "Feature",
      "properties": {
        "name": "甬莞高速",
        "ref": "G1523",
        "highway": "motorway"
      },
      "geometry": {
        "type": "LineString",
        "coordinates": [
          [
            118.7442635,
            25.6695825
          ],
          [
            118.7439662,
            25.6693757
          ],
          [
            118.7435234,
            25.6689791
          ],
          [
            118.7432106,
            25.668629
          ],
          [
            118.742849,
            25.6681878
          ]
        ]
      }
    },
    {
      "type": "Feature",
      "properties": {
        "name": "甬莞高速",
        "ref": "G1523",
        "highway": "motorway"
      },
      "geometry": {
        "type": "LineString",
        "coordinates": [
          [
            118.742849,
            25.6681878
          ],
          [
            118.7427777,
            25.6681009
          ],
          [
            118.742188,
            25.6670042
          ],
          [
            118.7418177,
            25.6659497
          ]
        ]
      }
    },
    {
      "type": "Feature",
      "properties": {
        "name": "甬莞高速",
        "ref": "G1523",
        "highway": "motorway"
      },
      "geometry": {
        "type": "LineString",
        "coordinates": [
          [
            118.7419588,
            25.6659721
          ],
          [
            118.7423483,
            25.6669985
          ],
          [
            118.7427494,
            25.6677502
          ],
          [
            118.7429658,
            25.6680547
          ]
        ]
      }
    },
    {
      "type": "Feature",
      "properties": {
        "name": "甬莞高速",
        "ref": "G1523",
        "highway": "motorway"
      },
      "geometry": {
        "type": "LineString",
        "coordinates": [
          [
            118.7418177,
            25.6659497
          ],
          [
            118.7412288,
            25.6646999
          ],
          [
            118.7409078,
            25.6640405
          ],
          [
            118.7405943,
            25.6634619
          ],
          [
            118.7401875,
            25.6628126
          ],
          [
            118.7396239,
            25.6620961
          ],
          [
            118.7389242,
            25.6613421
          ]
        ]
      }
    },
    {
      "type": "Feature",
      "properties": {
        "name": "甬莞高速",
        "ref": "G1523",
        "highway": "motorway"
      },
      "geometry": {
        "type": "LineString",
        "coordinates": [
          [
            118.7391286,
            25.6613252
          ],
          [
            118.7394452,
            25.6616701
          ],
          [
            118.7400839,
            25.6624409
          ],
          [
            118.7405273,
            25.6630736
          ],
          [
            118.7408229,
            25.6635589
          ],
          [
            118.7411871,
            25.6641821
          ],
          [
            118.741604,
            25.6651764
          ],
          [
            118.7419588,
            25.6659721
          ]
        ]
      }
    },
    {
      "type": "Feature",
      "properties": {
        "name": "甬莞高速",
        "ref": "G1523",
        "highway": "motorway"
      },
      "geometry": {
        "type": "LineString",
        "coordinates": [
          [
            118.732752,
            25.6565207
          ],
          [
            118.7322154,
            25.6558285
          ],
          [
            118.7317638,
            25.6551658
          ],
          [
            118.7311405,
            25.6539378
          ],
          [
            118.7308382,
            25.6533053
          ]
        ]
      }
    },
    {
      "type": "Feature",
      "properties": {
        "name": "甬莞高速",
        "ref": "G1523",
        "highway": "motorway"
      },
      "geometry": {
        "type": "LineString",
        "coordinates": [
          [
            118.7309809,
            25.6532333
          ],
          [
            118.7310582,
            25.6533916
          ],
          [
            118.7311488,
            25.6535706
          ],
          [
            118.731776,
            25.6548095
          ],
          [
            118.7322933,
            25.6556564
          ],
          [
            118.7329009,
            25.6564122
          ]
        ]
      }
    },
    {
      "type": "Feature",
      "properties": {
        "name": "甬莞高速",
        "ref": "G1523",
        "highway": "motorway"
      },
      "geometry": {
        "type": "LineString",
        "coordinates": [
          [
            118.7308382,
            25.6533053
          ],
          [
            118.7305359,
            25.6526728
          ],
          [
            118.7300968,
            25.6518528
          ]
        ]
      }
    },
    {
      "type": "Feature",
      "properties": {
        "name": "甬莞高速",
        "ref": "G1523",
        "highway": "motorway"
      },
      "geometry": {
        "type": "LineString",
        "coordinates": [
          [
            118.7302187,
            25.6517921
          ],
          [
            118.7304934,
            25.6522354
          ],
          [
            118.7309809,
            25.6532333
          ]
        ]
      }
    },
    {
      "type": "Feature",
      "properties": {
        "name": "秀永高速",
        "ref": "S55",
        "highway": "motorway"
      },
      "geometry": {
        "type": "LineString",
        "coordinates": [
          [
            119.047177,
            25.3315932
          ],
          [
            119.0472623,
            25.3312502
          ],
          [
            119.0486574,
            25.3257296
          ],
          [
            119.0487378,
            25.3252373
          ]
        ]
      }
    },
    {
      "type": "Feature",
      "properties": {
        "name": "秀永高速",
        "ref": "S55",
        "highway": "motorway"
      },
      "geometry": {
        "type": "LineString",
        "coordinates": [
          [
            119.0488369,
            25.3253006
          ],
          [
            119.0486216,
            25.3262937
          ],
          [
            119.047398,
            25.331278
          ],
          [
            119.047296,
            25.331688
          ]
        ]
      }
    },
    {
      "type": "Feature",
      "properties": {
        "name": "秀永高速",
        "ref": "S55",
        "highway": "motorway"
      },
      "geometry": {
        "type": "LineString",
        "coordinates": [
          [
            119.0489359,
            25.3247609
          ],
          [
            119.0488369,
            25.3253006
          ]
        ]
      }
    },
    {
      "type": "Feature",
      "properties": {
        "name": "秀永高速",
        "ref": "S55",
        "highway": "motorway"
      },
      "geometry": {
        "type": "LineString",
        "coordinates": [
          [
            119.0487378,
            25.3252373
          ],
          [
            119.0488329,
            25.3247004
          ]
        ]
      }
    },
    {
      "type": "Feature",
      "properties": {
        "name": "沈海高速",
        "ref": "G15",
        "highway": "motorway"
      },
      "geometry": {
        "type": "LineString",
        "coordinates": [
          [
            119.0814006,
            25.3972369
          ],
          [
            119.0853956,
            25.4012687
          ]
        ]
      }
    },
    {
      "type": "Feature",
      "properties": {
        "name": "沈海高速",
        "ref": "G15",
        "highway": "motorway"
      },
      "geometry": {
        "type": "LineString",
        "coordinates": [
          [
            119.0809214,
            25.3967249
          ],
          [
            119.0814006,
            25.3972369
          ]
        ]
      }
    },
    {
      "type": "Feature",
      "properties": {
        "name": "秀永高速",
        "ref": "S55",
        "highway": "motorway"
      },
      "geometry": {
        "type": "LineString",
        "coordinates": [
          [
            118.8549289,
            25.3771407
          ],
          [
            118.8563345,
            25.3771548
          ],
          [
            118.8616618,
            25.3772518
          ],
          [
            118.863477,
            25.3774275
          ],
          [
            118.8653607,
            25.3777797
          ],
          [
            118.8671798,
            25.3783862
          ],
          [
            118.8685475,
            25.3789942
          ],
          [
            118.8696185,
            25.3796657
          ],
          [
            118.8704923,
            25.3804749
          ],
          [
            118.8714219,
            25.3815882
          ],
          [
            118.8727467,
            25.3833064
          ],
          [
            118.8738253,
            25.3842808
          ],
          [
            118.8745834,
            25.3847945
          ],
          [
            118.875345,
            25.3851959
          ],
          [
            118.8757786,
            25.3854325
          ]
        ]
      }
    },
    {
      "type": "Feature",
      "properties": {
        "name": "秀永高速",
        "ref": "S55",
        "highway": "motorway"
      },
      "geometry": {
        "type": "LineString",
        "coordinates": [
          [
            118.8757134,
            25.3855437
          ],
          [
            118.8752786,
            25.3853068
          ],
          [
            118.8745061,
            25.3848997
          ],
          [
            118.8737336,
            25.3843763
          ],
          [
            118.8726393,
            25.3833876
          ],
          [
            118.8713089,
            25.3816622
          ],
          [
            118.8703862,
            25.3805572
          ],
          [
            118.8695279,
            25.3797623
          ],
          [
            118.8684765,
            25.3791032
          ],
          [
            118.8671247,
            25.3785022
          ],
          [
            118.8653222,
            25.3779012
          ],
          [
            118.8634554,
            25.3775522
          ],
          [
            118.861653,
            25.3773777
          ],
          [
            118.8563315,
            25.3772808
          ],
          [
            118.8548845,
            25.3772533
          ]
        ]
      }
    },
    {
      "type": "Feature",
      "properties": {
        "name": "秀永高速",
        "ref": "S55",
        "highway": "motorway"
      },
      "geometry": {
        "type": "LineString",
        "coordinates": [
          [
            118.847684,
            25.3768931
          ],
          [
            118.8460747,
            25.3765247
          ],
          [
            118.8442723,
            25.3758849
          ],
          [
            118.8439994,
            25.3757616
          ]
        ]
      }
    },
    {
      "type": "Feature",
      "properties": {
        "name": "秀永高速",
        "ref": "S55",
        "highway": "motorway"
      },
      "geometry": {
        "type": "LineString",
        "coordinates": [
          [
            118.8440124,
            25.3756266
          ],
          [
            118.8443291,
            25.3757697
          ],
          [
            118.8461175,
            25.3764045
          ],
          [
            118.8477111,
            25.3767692
          ]
        ]
      }
    },
    {
      "type": "Feature",
      "properties": {
        "name": "秀永高速",
        "ref": "S55",
        "highway": "motorway"
      },
      "geometry": {
        "type": "LineString",
        "coordinates": [
          [
            118.7474203,
            25.3812462
          ],
          [
            118.7529749,
            25.3804873
          ],
          [
            118.7597918,
            25.3795704
          ],
          [
            118.7607223,
            25.3795076
          ],
          [
            118.7617899,
            25.3795148
          ],
          [
            118.7627311,
            25.3795934
          ],
          [
            118.7637038,
            25.3797577
          ],
          [
            118.7647319,
            25.3800221
          ],
          [
            118.7657284,
            25.3803722
          ],
          [
            118.7667328,
            25.3808438
          ],
          [
            118.7677609,
            25.381444
          ],
          [
            118.76871,
            25.3821871
          ],
          [
            118.770331,
            25.3837534
          ],
          [
            118.7714704,
            25.3848575
          ],
          [
            118.7720006,
            25.3853053
          ],
          [
            118.7730983,
            25.3862578
          ]
        ]
      }
    },
    {
      "type": "Feature",
      "properties": {
        "name": "秀永高速",
        "ref": "S55",
        "highway": "motorway"
      },
      "geometry": {
        "type": "LineString",
        "coordinates": [
          [
            118.7455794,
            25.3814547
          ],
          [
            118.7474203,
            25.3812462
          ]
        ]
      }
    },
    {
      "type": "Feature",
      "properties": {
        "name": "秀永高速",
        "ref": "S55",
        "highway": "motorway"
      },
      "geometry": {
        "type": "LineString",
        "coordinates": [
          [
            118.7474295,
            25.3813404
          ],
          [
            118.7456,
            25.3815632
          ]
        ]
      }
    },
    {
      "type": "Feature",
      "properties": {
        "name": "秀永高速",
        "ref": "S55",
        "highway": "motorway"
      },
      "geometry": {
        "type": "LineString",
        "coordinates": [
          [
            118.7730598,
            25.3863629
          ],
          [
            118.7718298,
            25.3854663
          ],
          [
            118.7712901,
            25.3850104
          ],
          [
            118.7701445,
            25.3839004
          ],
          [
            118.7685333,
            25.3823435
          ],
          [
            118.7676092,
            25.38162
          ],
          [
            118.7666078,
            25.3810354
          ],
          [
            118.7656277,
            25.3805752
          ],
          [
            118.7646566,
            25.380234
          ],
          [
            118.7636526,
            25.3799758
          ],
          [
            118.7627045,
            25.3798157
          ],
          [
            118.7617872,
            25.3797391
          ],
          [
            118.7607421,
            25.379732
          ],
          [
            118.7598325,
            25.3797934
          ],
          [
            118.7530251,
            25.380709
          ],
          [
            118.7474295,
            25.3813404
          ]
        ]
      }
    },
    {
      "type": "Feature",
      "properties": {
        "name": "莆炎高速",
        "ref": "G1517",
        "highway": "motorway"
      },
      "geometry": {
        "type": "LineString",
        "coordinates": [
          [
            118.98425,
            25.6181246
          ],
          [
            118.9840104,
            25.6212714
          ]
        ]
      }
    },
    {
      "type": "Feature",
      "properties": {
        "name": "莆炎高速",
        "ref": "G1517",
        "highway": "motorway"
      },
      "geometry": {
        "type": "LineString",
        "coordinates": [
          [
            118.9843539,
            25.6165932
          ],
          [
            118.98425,
            25.6181246
          ]
        ]
      }
    },
    {
      "type": "Feature",
      "properties": {
        "name": "莆炎高速",
        "ref": "G1517",
        "highway": "motorway"
      },
      "geometry": {
        "type": "LineString",
        "coordinates": [
          [
            118.9837328,
            25.621115
          ],
          [
            118.9839632,
            25.618867
          ],
          [
            118.9840382,
            25.618135
          ]
        ]
      }
    },
    {
      "type": "Feature",
      "properties": {
        "name": "莆炎高速",
        "ref": "G1517",
        "highway": "motorway"
      },
      "geometry": {
        "type": "LineString",
        "coordinates": [
          [
            118.9840382,
            25.618135
          ],
          [
            118.984194,
            25.6166148
          ]
        ]
      }
    },
    {
      "type": "Feature",
      "properties": {
        "name": "沈海高速",
        "ref": "G15",
        "highway": "motorway"
      },
      "geometry": {
        "type": "LineString",
        "coordinates": [
          [
            119.1827849,
            25.4679977
          ],
          [
            119.18116,
            25.467455
          ],
          [
            119.1760995,
            25.4655227
          ]
        ]
      }
    },
    {
      "type": "Feature",
      "properties": {
        "name": "沈海高速",
        "ref": "G15",
        "highway": "motorway"
      },
      "geometry": {
        "type": "LineString",
        "coordinates": [
          [
            119.1760995,
            25.4655227
          ],
          [
            119.1758378,
            25.4654228
          ]
        ]
      }
    },
    {
      "type": "Feature",
      "properties": {
        "name": "沈海高速",
        "ref": "G15",
        "highway": "motorway"
      },
      "geometry": {
        "type": "LineString",
        "coordinates": [
          [
            119.1761562,
            25.4653944
          ],
          [
            119.1776933,
            25.465995
          ],
          [
            119.1827437,
            25.4678207
          ]
        ]
      }
    },
    {
      "type": "Feature",
      "properties": {
        "name": "沈海高速",
        "ref": "G15",
        "highway": "motorway"
      },
      "geometry": {
        "type": "LineString",
        "coordinates": [
          [
            119.175896,
            25.4652928
          ],
          [
            119.1761562,
            25.4653944
          ]
        ]
      }
    },
    {
      "type": "Feature",
      "properties": {
        "name": "甬莞高速",
        "ref": "G1523",
        "highway": "motorway"
      },
      "geometry": {
        "type": "LineString",
        "coordinates": [
          [
            118.7528194,
            25.6883249
          ],
          [
            118.7527968,
            25.6890442
          ]
        ]
      }
    },
    {
      "type": "Feature",
      "properties": {
        "name": "甬莞高速",
        "ref": "G1523",
        "highway": "motorway"
      },
      "geometry": {
        "type": "LineString",
        "coordinates": [
          [
            118.7477008,
            25.6997053
          ],
          [
            118.7473436,
            25.7001957
          ],
          [
            118.7470144,
            25.7007113
          ],
          [
            118.7467387,
            25.7013503
          ],
          [
            118.7463703,
            25.7022979
          ],
          [
            118.7460747,
            25.7033347
          ],
          [
            118.7458894,
            25.704449
          ],
          [
            118.7459331,
            25.705494
          ]
        ]
      }
    },
    {
      "type": "Feature",
      "properties": {
        "name": "甬莞高速",
        "ref": "G1523",
        "highway": "motorway"
      },
      "geometry": {
        "type": "LineString",
        "coordinates": [
          [
            118.7197914,
            25.6267847
          ],
          [
            118.720063,
            25.6272448
          ]
        ]
      }
    },
    {
      "type": "Feature",
      "properties": {
        "name": "甬莞高速",
        "ref": "G1523",
        "highway": "motorway"
      },
      "geometry": {
        "type": "LineString",
        "coordinates": [
          [
            118.7198678,
            25.6275784
          ],
          [
            118.7195742,
            25.627057
          ]
        ]
      }
    },
    {
      "type": "Feature",
      "properties": {
        "name": "甬莞高速",
        "ref": "G1523",
        "highway": "motorway"
      },
      "geometry": {
        "type": "LineString",
        "coordinates": [
          [
            118.7049685,
            25.5589117
          ],
          [
            118.7051606,
            25.5580001
          ],
          [
            118.7057766,
            25.5547653
          ]
        ]
      }
    },
    {
      "type": "Feature",
      "properties": {
        "name": "甬莞高速",
        "ref": "G1523",
        "highway": "motorway"
      },
      "geometry": {
        "type": "LineString",
        "coordinates": [
          [
            118.7050704,
            25.5615113
          ],
          [
            118.7048996,
            25.5608224
          ],
          [
            118.7048887,
            25.5597528
          ],
          [
            118.7049685,
            25.5589117
          ]
        ]
      }
    },
    {
      "type": "Feature",
      "properties": {
        "name": "甬莞高速",
        "ref": "G1523",
        "highway": "motorway"
      },
      "geometry": {
        "type": "LineString",
        "coordinates": [
          [
            118.705911,
            25.5559245
          ],
          [
            118.7055648,
            25.55797
          ],
          [
            118.7053708,
            25.559003
          ]
        ]
      }
    },
    {
      "type": "Feature",
      "properties": {
        "name": "甬莞高速",
        "ref": "G1523",
        "highway": "motorway"
      },
      "geometry": {
        "type": "LineString",
        "coordinates": [
          [
            118.7053708,
            25.559003
          ],
          [
            118.7052351,
            25.5600192
          ],
          [
            118.70526,
            25.5610238
          ],
          [
            118.7053917,
            25.5615319
          ]
        ]
      }
    },
    {
      "type": "Feature",
      "properties": {
        "name": "甬莞高速",
        "ref": "G1523",
        "highway": "motorway"
      },
      "geometry": {
        "type": "LineString",
        "coordinates": [
          [
            118.7525614,
            25.6871719
          ],
          [
            118.7527209,
            25.6875755
          ],
          [
            118.7528194,
            25.6883249
          ]
        ]
      }
    },
    {
      "type": "Feature",
      "properties": {
        "name": "甬莞高速",
        "ref": "G1523",
        "highway": "motorway"
      },
      "geometry": {
        "type": "LineString",
        "coordinates": [
          [
            118.7524578,
            25.6869147
          ],
          [
            118.7525614,
            25.6871719
          ]
        ]
      }
    },
    {
      "type": "Feature",
      "properties": {
        "name": "甬莞高速",
        "ref": "G1523",
        "highway": "motorway"
      },
      "geometry": {
        "type": "LineString",
        "coordinates": [
          [
            118.7523952,
            25.6871753
          ],
          [
            118.7522844,
            25.6869136
          ]
        ]
      }
    },
    {
      "type": "Feature",
      "properties": {
        "name": "甬莞高速",
        "ref": "G1523",
        "highway": "motorway"
      },
      "geometry": {
        "type": "LineString",
        "coordinates": [
          [
            118.752587,
            25.689047
          ],
          [
            118.7525637,
            25.6881584
          ],
          [
            118.7523952,
            25.6871753
          ]
        ]
      }
    },
    {
      "type": "Feature",
      "properties": {
        "name": "莆炎高速",
        "ref": "G1517",
        "highway": "motorway"
      },
      "geometry": {
        "type": "LineString",
        "coordinates": [
          [
            118.877915,
            25.6547889
          ],
          [
            118.882069,
            25.6513567
          ]
        ]
      }
    },
    {
      "type": "Feature",
      "properties": {
        "name": "莆炎高速",
        "ref": "G1517",
        "highway": "motorway"
      },
      "geometry": {
        "type": "LineString",
        "coordinates": [
          [
            118.8886157,
            25.6483733
          ],
          [
            118.8898916,
            25.6481146
          ]
        ]
      }
    },
    {
      "type": "Feature",
      "properties": {
        "name": "莆炎高速",
        "ref": "G1517",
        "highway": "motorway"
      },
      "geometry": {
        "type": "LineString",
        "coordinates": [
          [
            118.889863,
            25.648387
          ],
          [
            118.8887238,
            25.6485768
          ]
        ]
      }
    },
    {
      "type": "Feature",
      "properties": {
        "name": "莆炎高速",
        "ref": "G1517",
        "highway": "motorway"
      },
      "geometry": {
        "type": "LineString",
        "coordinates": [
          [
            118.8822256,
            25.6514723
          ],
          [
            118.8818094,
            25.6518326
          ],
          [
            118.878046,
            25.6550904
          ]
        ]
      }
    },
    {
      "type": "Feature",
      "properties": {
        "name": "秀永高速",
        "ref": "S55",
        "highway": "motorway"
      },
      "geometry": {
        "type": "LineString",
        "coordinates": [
          [
            118.8902174,
            25.3881467
          ],
          [
            118.8909721,
            25.3882755
          ],
          [
            118.8917278,
            25.3884484
          ],
          [
            118.8924932,
            25.3886931
          ],
          [
            118.8933244,
            25.38898
          ],
          [
            118.8944387,
            25.3895683
          ]
        ]
      }
    },
    {
      "type": "Feature",
      "properties": {
        "name": "秀永高速",
        "ref": "S55",
        "highway": "motorway"
      },
      "geometry": {
        "type": "LineString",
        "coordinates": [
          [
            118.8860554,
            25.3877429
          ],
          [
            118.8866409,
            25.3877788
          ],
          [
            118.8892015,
            25.3879927
          ],
          [
            118.8902174,
            25.3881467
          ]
        ]
      }
    },
    {
      "type": "Feature",
      "properties": {
        "name": "秀永高速",
        "ref": "S55",
        "highway": "motorway"
      },
      "geometry": {
        "type": "LineString",
        "coordinates": [
          [
            118.8943811,
            25.389648
          ],
          [
            118.8925874,
            25.3888411
          ],
          [
            118.8918533,
            25.3885766
          ],
          [
            118.8912004,
            25.3884089
          ],
          [
            118.890209,
            25.3882435
          ]
        ]
      }
    },
    {
      "type": "Feature",
      "properties": {
        "name": "秀永高速",
        "ref": "S55",
        "highway": "motorway"
      },
      "geometry": {
        "type": "LineString",
        "coordinates": [
          [
            118.890209,
            25.3882435
          ],
          [
            118.8891832,
            25.3881177
          ],
          [
            118.8866297,
            25.3879045
          ],
          [
            118.8860504,
            25.3878689
          ]
        ]
      }
    },
    {
      "type": "Feature",
      "properties": {
        "name": "秀永高速",
        "ref": "S55",
        "highway": "motorway"
      },
      "geometry": {
        "type": "LineString",
        "coordinates": [
          [
            118.8544196,
            25.3772384
          ],
          [
            118.852748,
            25.3772032
          ],
          [
            118.8493363,
            25.3771063
          ],
          [
            118.847684,
            25.3768931
          ]
        ]
      }
    },
    {
      "type": "Feature",
      "properties": {
        "name": "秀永高速",
        "ref": "S55",
        "highway": "motorway"
      },
      "geometry": {
        "type": "LineString",
        "coordinates": [
          [
            118.8548845,
            25.3772533
          ],
          [
            118.8544196,
            25.3772384
          ]
        ]
      }
    },
    {
      "type": "Feature",
      "properties": {
        "name": "秀永高速",
        "ref": "S55",
        "highway": "motorway"
      },
      "geometry": {
        "type": "LineString",
        "coordinates": [
          [
            118.8477111,
            25.3767692
          ],
          [
            118.8493484,
            25.3769805
          ],
          [
            118.8527519,
            25.3770772
          ],
          [
            118.8544426,
            25.3771259
          ]
        ]
      }
    },
    {
      "type": "Feature",
      "properties": {
        "name": "秀永高速",
        "ref": "S55",
        "highway": "motorway"
      },
      "geometry": {
        "type": "LineString",
        "coordinates": [
          [
            118.8544426,
            25.3771259
          ],
          [
            118.8549289,
            25.3771407
          ]
        ]
      }
    },
    {
      "type": "Feature",
      "properties": {
        "name": "秀永高速",
        "ref": "S55",
        "highway": "motorway"
      },
      "geometry": {
        "type": "LineString",
        "coordinates": [
          [
            118.8860504,
            25.3878689
          ],
          [
            118.8844196,
            25.3877688
          ]
        ]
      }
    },
    {
      "type": "Feature",
      "properties": {
        "name": "秀永高速",
        "ref": "S55",
        "highway": "motorway"
      },
      "geometry": {
        "type": "LineString",
        "coordinates": [
          [
            118.8844196,
            25.3877688
          ],
          [
            118.8832855,
            25.3876218
          ]
        ]
      }
    },
    {
      "type": "Feature",
      "properties": {
        "name": "秀永高速",
        "ref": "S55",
        "highway": "motorway"
      },
      "geometry": {
        "type": "LineString",
        "coordinates": [
          [
            118.8844348,
            25.3876434
          ],
          [
            118.8860554,
            25.3877429
          ]
        ]
      }
    },
    {
      "type": "Feature",
      "properties": {
        "name": "秀永高速",
        "ref": "S55",
        "highway": "motorway"
      },
      "geometry": {
        "type": "LineString",
        "coordinates": [
          [
            118.8833097,
            25.3875053
          ],
          [
            118.8844348,
            25.3876434
          ]
        ]
      }
    },
    {
      "type": "Feature",
      "properties": {
        "name": "甬莞高速",
        "ref": "G1523",
        "highway": "motorway"
      },
      "geometry": {
        "type": "LineString",
        "coordinates": [
          [
            118.6470183,
            25.3709847
          ],
          [
            118.6471386,
            25.3718129
          ],
          [
            118.6473382,
            25.3732975
          ],
          [
            118.6475148,
            25.3748549
          ],
          [
            118.6476722,
            25.3760585
          ],
          [
            118.6479602,
            25.37789
          ],
          [
            118.6481521,
            25.378601
          ],
          [
            118.6483479,
            25.379371
          ],
          [
            118.648655,
            25.3801133
          ],
          [
            118.6488738,
            25.3805954
          ],
          [
            118.6493998,
            25.3814868
          ],
          [
            118.6497146,
            25.3820106
          ],
          [
            118.6501402,
            25.3826043
          ],
          [
            118.6501945,
            25.38268
          ],
          [
            118.650421,
            25.3829921
          ],
          [
            118.6508913,
            25.3834832
          ],
          [
            118.6510122,
            25.3836095
          ],
          [
            118.6518875,
            25.3844523
          ],
          [
            118.6530123,
            25.3854582
          ],
          [
            118.6535586,
            25.3859767
          ],
          [
            118.6540834,
            25.3865437
          ],
          [
            118.6545979,
            25.3871299
          ],
          [
            118.6548129,
            25.3874334
          ]
        ]
      }
    },
    {
      "type": "Feature",
      "properties": {
        "name": "甬莞高速",
        "ref": "G1523",
        "highway": "motorway"
      },
      "geometry": {
        "type": "LineString",
        "coordinates": [
          [
            118.6432478,
            25.3584885
          ],
          [
            118.6437601,
            25.3589027
          ],
          [
            118.6441211,
            25.3592727
          ]
        ]
      }
    },
    {
      "type": "Feature",
      "properties": {
        "name": "甬莞高速",
        "ref": "G1523",
        "highway": "motorway"
      },
      "geometry": {
        "type": "LineString",
        "coordinates": [
          [
            118.6546631,
            25.3875392
          ],
          [
            118.6543483,
            25.3871056
          ],
          [
            118.6540647,
            25.3867965
          ],
          [
            118.653655,
            25.3862984
          ],
          [
            118.6529893,
            25.3856246
          ],
          [
            118.6521754,
            25.3848373
          ],
          [
            118.6509393,
            25.3836823
          ],
          [
            118.6502905,
            25.3829436
          ],
          [
            118.6499137,
            25.382446
          ],
          [
            118.6495726,
            25.3820106
          ],
          [
            118.6490581,
            25.3811504
          ],
          [
            118.6488585,
            25.3807793
          ],
          [
            118.6482942,
            25.3794404
          ],
          [
            118.6479333,
            25.3781779
          ],
          [
            118.6477528,
            25.3773211
          ],
          [
            118.6475455,
            25.3757984
          ],
          [
            118.6473536,
            25.3743624
          ],
          [
            118.6471232,
            25.3725274
          ],
          [
            118.6469313,
            25.3710081
          ]
        ]
      }
    },
    {
      "type": "Feature",
      "properties": {
        "name": "甬莞高速",
        "ref": "G1523",
        "highway": "motorway"
      },
      "geometry": {
        "type": "LineString",
        "coordinates": [
          [
            118.6440501,
            25.3593677
          ],
          [
            118.6436539,
            25.3589574
          ],
          [
            118.6431959,
            25.3585928
          ]
        ]
      }
    },
    {
      "type": "Feature",
      "properties": {
        "name": "甬莞高速",
        "ref": "G1523",
        "highway": "motorway"
      },
      "geometry": {
        "type": "LineString",
        "coordinates": [
          [
            118.6441211,
            25.3592727
          ],
          [
            118.6446087,
            25.3598451
          ],
          [
            118.6450233,
            25.3604244
          ],
          [
            118.6454571,
            25.3612119
          ],
          [
            118.6457066,
            25.3618849
          ],
          [
            118.6459216,
            25.3626446
          ],
          [
            118.6460053,
            25.3629962
          ]
        ]
      }
    },
    {
      "type": "Feature",
      "properties": {
        "name": "甬莞高速",
        "ref": "G1523",
        "highway": "motorway"
      },
      "geometry": {
        "type": "LineString",
        "coordinates": [
          [
            118.6460053,
            25.3629962
          ],
          [
            118.6463638,
            25.3656849
          ]
        ]
      }
    },
    {
      "type": "Feature",
      "properties": {
        "name": "甬莞高速",
        "ref": "G1523",
        "highway": "motorway"
      },
      "geometry": {
        "type": "LineString",
        "coordinates": [
          [
            118.645891,
            25.3630389
          ],
          [
            118.6458679,
            25.362832
          ],
          [
            118.6456068,
            25.3619404
          ],
          [
            118.6452805,
            25.3611148
          ],
          [
            118.6449196,
            25.3604591
          ],
          [
            118.6441326,
            25.3594462
          ],
          [
            118.6440501,
            25.3593677
          ]
        ]
      }
    },
    {
      "type": "Feature",
      "properties": {
        "name": "甬莞高速",
        "ref": "G1523",
        "highway": "motorway"
      },
      "geometry": {
        "type": "LineString",
        "coordinates": [
          [
            118.6462433,
            25.3657251
          ],
          [
            118.645891,
            25.3630389
          ]
        ]
      }
    },
    {
      "type": "Feature",
      "properties": {
        "name": "甬莞高速",
        "ref": "G1523",
        "highway": "motorway"
      },
      "geometry": {
        "type": "LineString",
        "coordinates": [
          [
            118.6468093,
            25.37005
          ],
          [
            118.6467125,
            25.3693015
          ],
          [
            118.6464361,
            25.3670814
          ],
          [
            118.6462433,
            25.3657251
          ]
        ]
      }
    },
    {
      "type": "Feature",
      "properties": {
        "name": "甬莞高速",
        "ref": "G1523",
        "highway": "motorway"
      },
      "geometry": {
        "type": "LineString",
        "coordinates": [
          [
            118.6469313,
            25.3710081
          ],
          [
            118.6468093,
            25.37005
          ]
        ]
      }
    },
    {
      "type": "Feature",
      "properties": {
        "name": "甬莞高速",
        "ref": "G1523",
        "highway": "motorway"
      },
      "geometry": {
        "type": "LineString",
        "coordinates": [
          [
            118.6463638,
            25.3656849
          ],
          [
            118.6464706,
            25.3666374
          ],
          [
            118.6466395,
            25.3679313
          ],
          [
            118.64682,
            25.3693119
          ],
          [
            118.6469093,
            25.3700411
          ]
        ]
      }
    },
    {
      "type": "Feature",
      "properties": {
        "name": "甬莞高速",
        "ref": "G1523",
        "highway": "motorway"
      },
      "geometry": {
        "type": "LineString",
        "coordinates": [
          [
            118.6469093,
            25.3700411
          ],
          [
            118.6470183,
            25.3709847
          ]
        ]
      }
    },
    {
      "type": "Feature",
      "properties": {
        "name": "秀永高速",
        "ref": "S55",
        "highway": "motorway"
      },
      "geometry": {
        "type": "LineString",
        "coordinates": [
          [
            119.1103389,
            25.1722426
          ],
          [
            119.1102518,
            25.1730556
          ]
        ]
      }
    },
    {
      "type": "Feature",
      "properties": {
        "name": "秀永高速",
        "ref": "S55",
        "highway": "motorway"
      },
      "geometry": {
        "type": "LineString",
        "coordinates": [
          [
            119.1108731,
            25.1678954
          ],
          [
            119.1106713,
            25.1693425
          ],
          [
            119.1103389,
            25.1722426
          ]
        ]
      }
    },
    {
      "type": "Feature",
      "properties": {
        "name": "秀永高速",
        "ref": "S55",
        "highway": "motorway"
      },
      "geometry": {
        "type": "LineString",
        "coordinates": [
          [
            119.110231,
            25.1722315
          ],
          [
            119.1104369,
            25.1704006
          ],
          [
            119.110507,
            25.1678819
          ]
        ]
      }
    },
    {
      "type": "Feature",
      "properties": {
        "name": "秀永高速",
        "ref": "S55",
        "highway": "motorway"
      },
      "geometry": {
        "type": "LineString",
        "coordinates": [
          [
            119.1101432,
            25.1730423
          ],
          [
            119.110231,
            25.1722315
          ]
        ]
      }
    },
    {
      "type": "Feature",
      "properties": {
        "name": "秀永高速",
        "ref": "S55",
        "highway": "motorway"
      },
      "geometry": {
        "type": "LineString",
        "coordinates": [
          [
            118.969344,
            25.4041841
          ],
          [
            118.969076,
            25.4043455
          ],
          [
            118.968399,
            25.4046784
          ],
          [
            118.9669133,
            25.4056012
          ],
          [
            118.9664259,
            25.4059097
          ],
          [
            118.9661398,
            25.4060813
          ]
        ]
      }
    },
    {
      "type": "Feature",
      "properties": {
        "name": "秀永高速",
        "ref": "S55",
        "highway": "motorway"
      },
      "geometry": {
        "type": "LineString",
        "coordinates": [
          [
            118.9661398,
            25.4060813
          ],
          [
            118.9646343,
            25.4069839
          ]
        ]
      }
    },
    {
      "type": "Feature",
      "properties": {
        "name": "秀永高速",
        "ref": "S55",
        "highway": "motorway"
      },
      "geometry": {
        "type": "LineString",
        "coordinates": [
          [
            118.9660795,
            25.4059697
          ],
          [
            118.9665345,
            25.405697
          ],
          [
            118.9678177,
            25.4048931
          ],
          [
            118.9685423,
            25.404488
          ],
          [
            118.9692821,
            25.4040946
          ]
        ]
      }
    },
    {
      "type": "Feature",
      "properties": {
        "name": "秀永高速",
        "ref": "S55",
        "highway": "motorway"
      },
      "geometry": {
        "type": "LineString",
        "coordinates": [
          [
            118.9645762,
            25.4068602
          ],
          [
            118.9660795,
            25.4059697
          ]
        ]
      }
    },
    {
      "type": "Feature",
      "properties": {
        "name": "甬莞高速",
        "ref": "G1523",
        "highway": "motorway"
      },
      "geometry": {
        "type": "LineString",
        "coordinates": [
          [
            118.6149087,
            25.3265671
          ],
          [
            118.6149731,
            25.3257794
          ],
          [
            118.6150401,
            25.3246083
          ],
          [
            118.615135,
            25.3235432
          ],
          [
            118.6151294,
            25.3229324
          ],
          [
            118.6150345,
            25.3221398
          ],
          [
            118.6148614,
            25.321312
          ],
          [
            118.6146045,
            25.320373
          ],
          [
            118.6142247,
            25.31953
          ],
          [
            118.6137724,
            25.3187829
          ],
          [
            118.6135155,
            25.3183518
          ]
        ]
      }
    },
    {
      "type": "Feature",
      "properties": {
        "name": "甬莞高速",
        "ref": "G1523",
        "highway": "motorway"
      },
      "geometry": {
        "type": "LineString",
        "coordinates": [
          [
            118.6136282,
            25.3183012
          ],
          [
            118.6140914,
            25.319078
          ],
          [
            118.6146798,
            25.3201846
          ],
          [
            118.6149602,
            25.3212054
          ],
          [
            118.6151497,
            25.3221763
          ],
          [
            118.6152445,
            25.3231187
          ],
          [
            118.6151932,
            25.3241788
          ],
          [
            118.6151221,
            25.3251497
          ],
          [
            118.6150273,
            25.3265595
          ]
        ]
      }
    },
    {
      "type": "Feature",
      "properties": {
        "name": "甬莞高速",
        "ref": "G1523",
        "highway": "motorway"
      },
      "geometry": {
        "type": "LineString",
        "coordinates": [
          [
            118.6153951,
            25.32979
          ],
          [
            118.6151406,
            25.3290503
          ],
          [
            118.6149507,
            25.3281771
          ],
          [
            118.6149005,
            25.3275713
          ],
          [
            118.6148893,
            25.3268041
          ],
          [
            118.6149087,
            25.3265671
          ]
        ]
      }
    },
    {
      "type": "Feature",
      "properties": {
        "name": "甬莞高速",
        "ref": "G1523",
        "highway": "motorway"
      },
      "geometry": {
        "type": "LineString",
        "coordinates": [
          [
            118.6150273,
            25.3265595
          ],
          [
            118.6150036,
            25.3271913
          ],
          [
            118.6150273,
            25.3277767
          ],
          [
            118.6152287,
            25.3288261
          ],
          [
            118.6155104,
            25.3297757
          ]
        ]
      }
    },
    {
      "type": "Feature",
      "properties": {
        "name": "秀永高速",
        "ref": "S55",
        "highway": "motorway"
      },
      "geometry": {
        "type": "LineString",
        "coordinates": [
          [
            118.9366679,
            25.3957064
          ],
          [
            118.9371944,
            25.396114
          ]
        ]
      }
    },
    {
      "type": "Feature",
      "properties": {
        "name": "秀永高速",
        "ref": "S55",
        "highway": "motorway"
      },
      "geometry": {
        "type": "LineString",
        "coordinates": [
          [
            118.9367683,
            25.3962354
          ],
          [
            118.9364048,
            25.3959144
          ]
        ]
      }
    },
    {
      "type": "Feature",
      "properties": {
        "name": "秀永高速",
        "ref": "S55",
        "highway": "motorway"
      },
      "geometry": {
        "type": "LineString",
        "coordinates": [
          [
            118.9371944,
            25.396114
          ],
          [
            118.9380745,
            25.3968018
          ],
          [
            118.9390033,
            25.3976888
          ]
        ]
      }
    },
    {
      "type": "Feature",
      "properties": {
        "name": "秀永高速",
        "ref": "S55",
        "highway": "motorway"
      },
      "geometry": {
        "type": "LineString",
        "coordinates": [
          [
            118.9384553,
            25.3975056
          ],
          [
            118.9378874,
            25.3970149
          ],
          [
            118.9367683,
            25.3962354
          ]
        ]
      }
    },
    {
      "type": "Feature",
      "properties": {
        "name": "沈海高速",
        "ref": "G15",
        "highway": "motorway"
      },
      "geometry": {
        "type": "LineString",
        "coordinates": [
          [
            119.0236721,
            25.3430004
          ],
          [
            119.0241117,
            25.3433267
          ],
          [
            119.0257983,
            25.3443433
          ],
          [
            119.027875,
            25.3453883
          ],
          [
            119.0296001,
            25.346187
          ],
          [
            119.0310323,
            25.3468221
          ],
          [
            119.0342428,
            25.3481757
          ],
          [
            119.0374572,
            25.3495978
          ],
          [
            119.03952,
            25.3506017
          ],
          [
            119.04135,
            25.351625
          ],
          [
            119.042447,
            25.3523115
          ]
        ]
      }
    },
    {
      "type": "Feature",
      "properties": {
        "name": "沈海高速",
        "ref": "G15",
        "highway": "motorway"
      },
      "geometry": {
        "type": "LineString",
        "coordinates": [
          [
            119.02327,
            25.3426988
          ],
          [
            119.0236721,
            25.3430004
          ]
        ]
      }
    },
    {
      "type": "Feature",
      "properties": {
        "name": "沈海高速",
        "ref": "G15",
        "highway": "motorway"
      },
      "geometry": {
        "type": "LineString",
        "coordinates": [
          [
            119.0235857,
            25.3431394
          ],
          [
            119.0231619,
            25.3428307
          ]
        ]
      }
    },
    {
      "type": "Feature",
      "properties": {
        "name": "沈海高速",
        "ref": "G15",
        "highway": "motorway"
      },
      "geometry": {
        "type": "LineString",
        "coordinates": [
          [
            119.042403,
            25.3525494
          ],
          [
            119.0416388,
            25.3520765
          ],
          [
            119.0402983,
            25.3512903
          ],
          [
            119.0393474,
            25.3507754
          ],
          [
            119.03734,
            25.3497885
          ],
          [
            119.0312684,
            25.347079
          ],
          [
            119.029541,
            25.3463712
          ],
          [
            119.0284232,
            25.3458315
          ],
          [
            119.027175,
            25.3451917
          ],
          [
            119.0253967,
            25.3442617
          ],
          [
            119.0235857,
            25.3431394
          ]
        ]
      }
    },
    {
      "type": "Feature",
      "properties": {
        "name": "秀永高速",
        "ref": "S55",
        "highway": "motorway"
      },
      "geometry": {
        "type": "LineString",
        "coordinates": [
          [
            118.9569584,
            25.4079201
          ],
          [
            118.9573575,
            25.4079741
          ]
        ]
      }
    },
    {
      "type": "Feature",
      "properties": {
        "name": "秀永高速",
        "ref": "S55",
        "highway": "motorway"
      },
      "geometry": {
        "type": "LineString",
        "coordinates": [
          [
            118.9573388,
            25.4081317
          ],
          [
            118.9569268,
            25.408072
          ]
        ]
      }
    },
    {
      "type": "Feature",
      "properties": {
        "name": "秀永高速",
        "ref": "S55",
        "highway": "motorway"
      },
      "geometry": {
        "type": "LineString",
        "coordinates": [
          [
            118.9573575,
            25.4079741
          ],
          [
            118.9590467,
            25.4081984
          ],
          [
            118.9603364,
            25.4082029
          ],
          [
            118.961768,
            25.4079997
          ],
          [
            118.9645762,
            25.4068602
          ]
        ]
      }
    },
    {
      "type": "Feature",
      "properties": {
        "name": "秀永高速",
        "ref": "S55",
        "highway": "motorway"
      },
      "geometry": {
        "type": "LineString",
        "coordinates": [
          [
            118.9646343,
            25.4069839
          ],
          [
            118.9618606,
            25.4081377
          ],
          [
            118.9603311,
            25.4082998
          ],
          [
            118.9590326,
            25.4082811
          ],
          [
            118.9573388,
            25.4081317
          ]
        ]
      }
    },
    {
      "type": "Feature",
      "properties": {
        "name": "秀永高速",
        "ref": "S55",
        "highway": "motorway"
      },
      "geometry": {
        "type": "LineString",
        "coordinates": [
          [
            118.6142439,
            25.381865
          ],
          [
            118.6159488,
            25.3827445
          ],
          [
            118.6193733,
            25.3845509
          ],
          [
            118.6208466,
            25.3853394
          ],
          [
            118.6224367,
            25.3861079
          ],
          [
            118.6254512,
            25.3877551
          ],
          [
            118.6264525,
            25.3882449
          ],
          [
            118.6270653,
            25.3885002
          ]
        ]
      }
    },
    {
      "type": "Feature",
      "properties": {
        "name": "秀永高速",
        "ref": "S55",
        "highway": "motorway"
      },
      "geometry": {
        "type": "LineString",
        "coordinates": [
          [
            118.6134434,
            25.3813761
          ],
          [
            118.6142439,
            25.381865
          ]
        ]
      }
    },
    {
      "type": "Feature",
      "properties": {
        "name": "秀永高速",
        "ref": "S55",
        "highway": "motorway"
      },
      "geometry": {
        "type": "LineString",
        "coordinates": [
          [
            118.6141786,
            25.3819833
          ],
          [
            118.6133732,
            25.381502
          ]
        ]
      }
    },
    {
      "type": "Feature",
      "properties": {
        "name": "秀永高速",
        "ref": "S55",
        "highway": "motorway"
      },
      "geometry": {
        "type": "LineString",
        "coordinates": [
          [
            118.6270708,
            25.3886256
          ],
          [
            118.626356,
            25.3883381
          ],
          [
            118.6255102,
            25.3879476
          ],
          [
            118.6223045,
            25.3861493
          ],
          [
            118.6207527,
            25.3854024
          ],
          [
            118.619259,
            25.3846017
          ],
          [
            118.6160706,
            25.3829406
          ],
          [
            118.6141786,
            25.3819833
          ]
        ]
      }
    },
    {
      "type": "Feature",
      "properties": {
        "name": "秀永高速",
        "ref": "S55",
        "highway": "motorway"
      },
      "geometry": {
        "type": "LineString",
        "coordinates": [
          [
            118.6279011,
            25.3888885
          ],
          [
            118.6270708,
            25.3886256
          ]
        ]
      }
    },
    {
      "type": "Feature",
      "properties": {
        "name": "秀永高速",
        "ref": "S55",
        "highway": "motorway"
      },
      "geometry": {
        "type": "LineString",
        "coordinates": [
          [
            118.6322861,
            25.3892328
          ],
          [
            118.6310069,
            25.3892958
          ],
          [
            118.6298653,
            25.3892592
          ],
          [
            118.6289587,
            25.3891432
          ],
          [
            118.6279011,
            25.3888885
          ]
        ]
      }
    },
    {
      "type": "Feature",
      "properties": {
        "name": "秀永高速",
        "ref": "S55",
        "highway": "motorway"
      },
      "geometry": {
        "type": "LineString",
        "coordinates": [
          [
            118.6279187,
            25.3887645
          ],
          [
            118.62896,
            25.3889973
          ],
          [
            118.6299059,
            25.3891571
          ],
          [
            118.6309871,
            25.3892216
          ],
          [
            118.6322685,
            25.3891586
          ]
        ]
      }
    },
    {
      "type": "Feature",
      "properties": {
        "name": "秀永高速",
        "ref": "S55",
        "highway": "motorway"
      },
      "geometry": {
        "type": "LineString",
        "coordinates": [
          [
            118.6270653,
            25.3885002
          ],
          [
            118.6279187,
            25.3887645
          ]
        ]
      }
    },
    {
      "type": "Feature",
      "properties": {
        "name": "秀永高速",
        "ref": "S55",
        "highway": "motorway"
      },
      "geometry": {
        "type": "LineString",
        "coordinates": [
          [
            118.6366298,
            25.3886788
          ],
          [
            118.6352949,
            25.3888236
          ]
        ]
      }
    },
    {
      "type": "Feature",
      "properties": {
        "name": "秀永高速",
        "ref": "S55",
        "highway": "motorway"
      },
      "geometry": {
        "type": "LineString",
        "coordinates": [
          [
            118.6352949,
            25.3888236
          ],
          [
            118.6332485,
            25.3891206
          ],
          [
            118.6322861,
            25.3892328
          ]
        ]
      }
    },
    {
      "type": "Feature",
      "properties": {
        "name": "秀永高速",
        "ref": "S55",
        "highway": "motorway"
      },
      "geometry": {
        "type": "LineString",
        "coordinates": [
          [
            118.6322685,
            25.3891586
          ],
          [
            118.6331591,
            25.3890503
          ],
          [
            118.6352429,
            25.3887235
          ]
        ]
      }
    },
    {
      "type": "Feature",
      "properties": {
        "name": "秀永高速",
        "ref": "S55",
        "highway": "motorway"
      },
      "geometry": {
        "type": "LineString",
        "coordinates": [
          [
            118.6352429,
            25.3887235
          ],
          [
            118.6358676,
            25.3886356
          ],
          [
            118.6366257,
            25.3885768
          ]
        ]
      }
    },
    {
      "type": "Feature",
      "properties": {
        "name": "秀永高速",
        "ref": "S55",
        "highway": "motorway"
      },
      "geometry": {
        "type": "LineString",
        "coordinates": [
          [
            118.63752,
            25.3886389
          ],
          [
            118.6366298,
            25.3886788
          ]
        ]
      }
    },
    {
      "type": "Feature",
      "properties": {
        "name": "秀永高速",
        "ref": "S55",
        "highway": "motorway"
      },
      "geometry": {
        "type": "LineString",
        "coordinates": [
          [
            118.6491611,
            25.3885757
          ],
          [
            118.6473845,
            25.3889854
          ],
          [
            118.6461456,
            25.3891611
          ],
          [
            118.6450606,
            25.3892527
          ],
          [
            118.6441231,
            25.3892606
          ],
          [
            118.6426702,
            25.3891958
          ],
          [
            118.6420932,
            25.3891355
          ],
          [
            118.6395314,
            25.3887489
          ],
          [
            118.6392103,
            25.3887151
          ],
          [
            118.6382374,
            25.388627
          ],
          [
            118.6379783,
            25.3886231
          ],
          [
            118.63752,
            25.3886389
          ]
        ]
      }
    },
    {
      "type": "Feature",
      "properties": {
        "name": "秀永高速",
        "ref": "S55",
        "highway": "motorway"
      },
      "geometry": {
        "type": "LineString",
        "coordinates": [
          [
            118.6375191,
            25.3885375
          ],
          [
            118.6380201,
            25.3885248
          ],
          [
            118.6383281,
            25.3885345
          ],
          [
            118.6389348,
            25.3885934
          ],
          [
            118.6395135,
            25.3886481
          ],
          [
            118.6420769,
            25.3890357
          ],
          [
            118.6428354,
            25.3891113
          ],
          [
            118.6439281,
            25.3891729
          ],
          [
            118.6450669,
            25.3891734
          ],
          [
            118.6463239,
            25.3890489
          ],
          [
            118.6473712,
            25.3888996
          ],
          [
            118.6486176,
            25.3886408
          ],
          [
            118.6490998,
            25.3885119
          ]
        ]
      }
    },
    {
      "type": "Feature",
      "properties": {
        "name": "秀永高速",
        "ref": "S55",
        "highway": "motorway"
      },
      "geometry": {
        "type": "LineString",
        "coordinates": [
          [
            118.6366257,
            25.3885768
          ],
          [
            118.6375191,
            25.3885375
          ]
        ]
      }
    },
    {
      "type": "Feature",
      "properties": {
        "name": "秀永高速",
        "ref": "S55",
        "highway": "motorway"
      },
      "geometry": {
        "type": "LineString",
        "coordinates": [
          [
            118.5943114,
            25.3801773
          ],
          [
            118.5938628,
            25.3802886
          ],
          [
            118.592989,
            25.3803978
          ],
          [
            118.59134,
            25.3806325
          ],
          [
            118.5902682,
            25.3808724
          ],
          [
            118.5896523,
            25.3810436
          ]
        ]
      }
    },
    {
      "type": "Feature",
      "properties": {
        "name": "秀永高速",
        "ref": "S55",
        "highway": "motorway"
      },
      "geometry": {
        "type": "LineString",
        "coordinates": [
          [
            118.5950236,
            25.3799655
          ],
          [
            118.5943114,
            25.3801773
          ]
        ]
      }
    },
    {
      "type": "Feature",
      "properties": {
        "name": "秀永高速",
        "ref": "S55",
        "highway": "motorway"
      },
      "geometry": {
        "type": "LineString",
        "coordinates": [
          [
            118.5942881,
            25.3800522
          ],
          [
            118.5949878,
            25.3798838
          ]
        ]
      }
    },
    {
      "type": "Feature",
      "properties": {
        "name": "秀永高速",
        "ref": "S55",
        "highway": "motorway"
      },
      "geometry": {
        "type": "LineString",
        "coordinates": [
          [
            118.5895954,
            25.3809614
          ],
          [
            118.5902186,
            25.3807932
          ],
          [
            118.5912047,
            25.3805591
          ],
          [
            118.5920515,
            25.3803976
          ],
          [
            118.5935795,
            25.3802364
          ],
          [
            118.5942881,
            25.3800522
          ]
        ]
      }
    },
    {
      "type": "Feature",
      "properties": {
        "name": "秀永高速",
        "ref": "S55",
        "highway": "motorway"
      },
      "geometry": {
        "type": "LineString",
        "coordinates": [
          [
            118.5896523,
            25.3810436
          ],
          [
            118.5889294,
            25.3812644
          ]
        ]
      }
    },
    {
      "type": "Feature",
      "properties": {
        "name": "秀永高速",
        "ref": "S55",
        "highway": "motorway"
      },
      "geometry": {
        "type": "LineString",
        "coordinates": [
          [
            118.5888576,
            25.3811616
          ],
          [
            118.5895954,
            25.3809614
          ]
        ]
      }
    },
    {
      "type": "Feature",
      "properties": {
        "name": "秀永高速",
        "ref": "S55",
        "highway": "motorway"
      },
      "geometry": {
        "type": "LineString",
        "coordinates": [
          [
            118.580592,
            25.3844703
          ],
          [
            118.5815745,
            25.3840963
          ],
          [
            118.5829389,
            25.3834469
          ],
          [
            118.5844412,
            25.382826
          ],
          [
            118.5848578,
            25.3826588
          ],
          [
            118.5877856,
            25.3815243
          ],
          [
            118.5888576,
            25.3811616
          ]
        ]
      }
    },
    {
      "type": "Feature",
      "properties": {
        "name": "秀永高速",
        "ref": "S55",
        "highway": "motorway"
      },
      "geometry": {
        "type": "LineString",
        "coordinates": [
          [
            118.5889294,
            25.3812644
          ],
          [
            118.5879007,
            25.381568
          ],
          [
            118.5865888,
            25.3821053
          ],
          [
            118.5844915,
            25.3829085
          ],
          [
            118.5829926,
            25.3835147
          ],
          [
            118.5816699,
            25.3841632
          ],
          [
            118.5806375,
            25.3845607
          ]
        ]
      }
    },
    {
      "type": "Feature",
      "properties": {
        "name": "秀永高速",
        "ref": "S55",
        "highway": "motorway"
      },
      "geometry": {
        "type": "LineString",
        "coordinates": [
          [
            118.5806375,
            25.3845607
          ],
          [
            118.580235,
            25.384741
          ],
          [
            118.5798564,
            25.384927
          ],
          [
            118.5796768,
            25.3850145
          ],
          [
            118.5794443,
            25.3851105
          ],
          [
            118.5790562,
            25.3852222
          ],
          [
            118.5786904,
            25.3853106
          ],
          [
            118.5781728,
            25.3854161
          ],
          [
            118.5777104,
            25.3854782
          ],
          [
            118.5772689,
            25.385513
          ],
          [
            118.5767973,
            25.3855246
          ],
          [
            118.5763691,
            25.3855105
          ],
          [
            118.5759691,
            25.3854674
          ],
          [
            118.5756044,
            25.3854169
          ]
        ]
      }
    },
    {
      "type": "Feature",
      "properties": {
        "name": "秀永高速",
        "ref": "S55",
        "highway": "motorway"
      },
      "geometry": {
        "type": "LineString",
        "coordinates": [
          [
            118.5756023,
            25.385314
          ],
          [
            118.5759419,
            25.3853627
          ],
          [
            118.5763308,
            25.3854013
          ],
          [
            118.5767107,
            25.38542
          ],
          [
            118.576993,
            25.3854247
          ],
          [
            118.5773431,
            25.3854024
          ],
          [
            118.5780549,
            25.3853238
          ],
          [
            118.5786378,
            25.3852203
          ],
          [
            118.5790584,
            25.3851219
          ],
          [
            118.5793679,
            25.3850317
          ],
          [
            118.5796771,
            25.3849046
          ],
          [
            118.5800354,
            25.3847207
          ],
          [
            118.5802833,
            25.3846052
          ],
          [
            118.580592,
            25.3844703
          ]
        ]
      }
    },
    {
      "type": "Feature",
      "properties": {
        "name": "秀永高速",
        "ref": "S55",
        "highway": "motorway"
      },
      "geometry": {
        "type": "LineString",
        "coordinates": [
          [
            118.5756044,
            25.3854169
          ],
          [
            118.5746592,
            25.3851927
          ],
          [
            118.5734521,
            25.3849686
          ],
          [
            118.5727717,
            25.3846466
          ],
          [
            118.5718823,
            25.3841874
          ],
          [
            118.5702081,
            25.3833352
          ],
          [
            118.5688181,
            25.3827567
          ],
          [
            118.5680378,
            25.3824844
          ],
          [
            118.5670606,
            25.3822253
          ],
          [
            118.5659832,
            25.3820082
          ],
          [
            118.5648855,
            25.3818812
          ]
        ]
      }
    },
    {
      "type": "Feature",
      "properties": {
        "name": "秀永高速",
        "ref": "S55",
        "highway": "motorway"
      },
      "geometry": {
        "type": "LineString",
        "coordinates": [
          [
            118.5648721,
            25.3816634
          ],
          [
            118.566018,
            25.381787
          ],
          [
            118.5671173,
            25.3820085
          ],
          [
            118.5681138,
            25.3822728
          ],
          [
            118.5689126,
            25.3825515
          ],
          [
            118.5703203,
            25.3831374
          ],
          [
            118.5720048,
            25.3839948
          ],
          [
            118.5728906,
            25.3844521
          ],
          [
            118.5735549,
            25.3847665
          ],
          [
            118.5745482,
            25.3850582
          ],
          [
            118.5756023,
            25.385314
          ]
        ]
      }
    },
    {
      "type": "Feature",
      "properties": {
        "name": "沈海高速",
        "ref": "G15",
        "highway": "motorway"
      },
      "geometry": {
        "type": "LineString",
        "coordinates": [
          [
            118.972117,
            25.2985285
          ],
          [
            118.9715274,
            25.298678
          ]
        ]
      }
    },
    {
      "type": "Feature",
      "properties": {
        "name": "沈海高速",
        "ref": "G15",
        "highway": "motorway"
      },
      "geometry": {
        "type": "LineString",
        "coordinates": [
          [
            118.9715962,
            25.2985028
          ],
          [
            118.9721725,
            25.298356
          ]
        ]
      }
    },
    {
      "type": "Feature",
      "properties": {
        "name": "沈海高速",
        "ref": "G15",
        "highway": "motorway"
      },
      "geometry": {
        "type": "LineString",
        "coordinates": [
          [
            118.9721725,
            25.298356
          ],
          [
            118.9743367,
            25.297805
          ],
          [
            118.9761671,
            25.2972997
          ],
          [
            118.9780845,
            25.2967648
          ],
          [
            118.9804183,
            25.2963283
          ],
          [
            118.9817597,
            25.2962077
          ],
          [
            118.9828833,
            25.2961567
          ],
          [
            118.9835117,
            25.2961283
          ],
          [
            118.9840817,
            25.296165
          ],
          [
            118.9870472,
            25.2965502
          ],
          [
            118.9884919,
            25.2968471
          ],
          [
            118.9893392,
            25.2970828
          ],
          [
            118.9897533,
            25.2972617
          ],
          [
            118.9908883,
            25.2976433
          ],
          [
            118.9922733,
            25.2981967
          ],
          [
            118.9933967,
            25.29879
          ],
          [
            118.9947333,
            25.2995733
          ],
          [
            118.9950576,
            25.2997971
          ]
        ]
      }
    },
    {
      "type": "Feature",
      "properties": {
        "name": "沈海高速",
        "ref": "G15",
        "highway": "motorway"
      },
      "geometry": {
        "type": "LineString",
        "coordinates": [
          [
            118.9951068,
            25.3000378
          ],
          [
            118.9944817,
            25.2995933
          ],
          [
            118.9933483,
            25.2989283
          ],
          [
            118.9914967,
            25.2980217
          ],
          [
            118.9899753,
            25.2974581
          ],
          [
            118.9888218,
            25.2971003
          ],
          [
            118.9874288,
            25.2967829
          ],
          [
            118.985445,
            25.2964617
          ],
          [
            118.9846483,
            25.296395
          ],
          [
            118.983075,
            25.2963533
          ],
          [
            118.9817717,
            25.2964067
          ],
          [
            118.9804817,
            25.2965217
          ],
          [
            118.9794817,
            25.2966583
          ],
          [
            118.97806,
            25.2969317
          ],
          [
            118.9774565,
            25.2971022
          ],
          [
            118.9749492,
            25.2978102
          ],
          [
            118.972117,
            25.2985285
          ]
        ]
      }
    },
    {
      "type": "Feature",
      "properties": {
        "name": "秀永高速",
        "ref": "S55",
        "highway": "motorway"
      },
      "geometry": {
        "type": "LineString",
        "coordinates": [
          [
            118.8777199,
            25.3862036
          ],
          [
            118.8784348,
            25.386428
          ],
          [
            118.8805696,
            25.3869873
          ],
          [
            118.8828996,
            25.3874315
          ],
          [
            118.8833097,
            25.3875053
          ]
        ]
      }
    },
    {
      "type": "Feature",
      "properties": {
        "name": "秀永高速",
        "ref": "S55",
        "highway": "motorway"
      },
      "geometry": {
        "type": "LineString",
        "coordinates": [
          [
            118.8757786,
            25.3854325
          ],
          [
            118.8766971,
            25.3858507
          ],
          [
            118.8777199,
            25.3862036
          ]
        ]
      }
    },
    {
      "type": "Feature",
      "properties": {
        "name": "秀永高速",
        "ref": "S55",
        "highway": "motorway"
      },
      "geometry": {
        "type": "LineString",
        "coordinates": [
          [
            118.8776291,
            25.3863172
          ],
          [
            118.8766435,
            25.3859428
          ],
          [
            118.8757134,
            25.3855437
          ]
        ]
      }
    },
    {
      "type": "Feature",
      "properties": {
        "name": "秀永高速",
        "ref": "S55",
        "highway": "motorway"
      },
      "geometry": {
        "type": "LineString",
        "coordinates": [
          [
            118.8832855,
            25.3876218
          ],
          [
            118.8828746,
            25.3875555
          ],
          [
            118.8805357,
            25.3871097
          ],
          [
            118.87839,
            25.3865475
          ],
          [
            118.8776291,
            25.3863172
          ]
        ]
      }
    },
    {
      "type": "Feature",
      "properties": {
        "name": "莆炎高速",
        "ref": "G1517",
        "highway": "motorway"
      },
      "geometry": {
        "type": "LineString",
        "coordinates": [
          [
            119.1787702,
            25.2858007
          ],
          [
            119.1795736,
            25.2854127
          ]
        ]
      }
    },
    {
      "type": "Feature",
      "properties": {
        "name": "莆炎高速",
        "ref": "G1517",
        "highway": "motorway"
      },
      "geometry": {
        "type": "LineString",
        "coordinates": [
          [
            119.184692,
            25.2819461
          ],
          [
            119.1878297,
            25.278465
          ],
          [
            119.1910669,
            25.2761385
          ],
          [
            119.19439,
            25.2739672
          ],
          [
            119.1951827,
            25.2732311
          ],
          [
            119.1964284,
            25.2718261
          ],
          [
            119.1975609,
            25.2698066
          ],
          [
            119.1981204,
            25.2680079
          ],
          [
            119.1987369,
            25.2648293
          ],
          [
            119.1994585,
            25.2629137
          ]
        ]
      }
    },
    {
      "type": "Feature",
      "properties": {
        "name": "莆炎高速",
        "ref": "G1517",
        "highway": "motorway"
      },
      "geometry": {
        "type": "LineString",
        "coordinates": [
          [
            119.1795866,
            25.2855755
          ],
          [
            119.1787916,
            25.2859535
          ]
        ]
      }
    },
    {
      "type": "Feature",
      "properties": {
        "name": "莆炎高速",
        "ref": "G1517",
        "highway": "motorway"
      },
      "geometry": {
        "type": "LineString",
        "coordinates": [
          [
            119.1996512,
            25.2629886
          ],
          [
            119.1989379,
            25.2648879
          ],
          [
            119.1983039,
            25.2680534
          ],
          [
            119.1977491,
            25.2698659
          ],
          [
            119.1972564,
            25.2708436
          ],
          [
            119.1962215,
            25.2723514
          ],
          [
            119.1950946,
            25.2735992
          ],
          [
            119.1939217,
            25.274535
          ],
          [
            119.1926569,
            25.2754396
          ],
          [
            119.191261,
            25.2763719
          ],
          [
            119.1903801,
            25.2769162
          ],
          [
            119.1879193,
            25.2786526
          ],
          [
            119.1848116,
            25.2821184
          ]
        ]
      }
    },
    {
      "type": "Feature",
      "properties": {
        "name": "莆炎高速",
        "ref": "G1517",
        "highway": "motorway"
      },
      "geometry": {
        "type": "LineString",
        "coordinates": [
          [
            119.1842982,
            25.2823593
          ],
          [
            119.184692,
            25.2819461
          ]
        ]
      }
    },
    {
      "type": "Feature",
      "properties": {
        "name": "莆炎高速",
        "ref": "G1517",
        "highway": "motorway"
      },
      "geometry": {
        "type": "LineString",
        "coordinates": [
          [
            119.1795736,
            25.2854127
          ],
          [
            119.1823179,
            25.2839305
          ],
          [
            119.1842982,
            25.2823593
          ]
        ]
      }
    },
    {
      "type": "Feature",
      "properties": {
        "name": "莆炎高速",
        "ref": "G1517",
        "highway": "motorway"
      },
      "geometry": {
        "type": "LineString",
        "coordinates": [
          [
            119.1844001,
            25.2825145
          ],
          [
            119.1835267,
            25.2832483
          ],
          [
            119.1824458,
            25.2840801
          ],
          [
            119.1795866,
            25.2855755
          ]
        ]
      }
    },
    {
      "type": "Feature",
      "properties": {
        "name": "莆炎高速",
        "ref": "G1517",
        "highway": "motorway"
      },
      "geometry": {
        "type": "LineString",
        "coordinates": [
          [
            119.1848116,
            25.2821184
          ],
          [
            119.1844001,
            25.2825145
          ]
        ]
      }
    },
    {
      "type": "Feature",
      "properties": {
        "name": "甬莞高速",
        "ref": "G1523",
        "highway": "motorway"
      },
      "geometry": {
        "type": "LineString",
        "coordinates": [
          [
            118.6745018,
            25.4293855
          ],
          [
            118.6752965,
            25.4305331
          ],
          [
            118.6760067,
            25.4315559
          ],
          [
            118.676813,
            25.432725
          ],
          [
            118.6779634,
            25.4341169
          ],
          [
            118.6790691,
            25.4351559
          ],
          [
            118.6810349,
            25.436336
          ],
          [
            118.6835368,
            25.4372841
          ],
          [
            118.6848931,
            25.4380905
          ],
          [
            118.686291,
            25.4391389
          ],
          [
            118.6871045,
            25.4398807
          ],
          [
            118.6880443,
            25.440872
          ],
          [
            118.6887867,
            25.4419561
          ],
          [
            118.6894975,
            25.4432968
          ],
          [
            118.6900898,
            25.4448515
          ],
          [
            118.6903426,
            25.4461566
          ],
          [
            118.690461,
            25.4469839
          ],
          [
            118.6904847,
            25.448831
          ],
          [
            118.6904926,
            25.449865
          ],
          [
            118.6906585,
            25.4509133
          ],
          [
            118.6908627,
            25.4516401
          ],
          [
            118.6909239,
            25.4518888
          ]
        ]
      }
    },
    {
      "type": "Feature",
      "properties": {
        "name": "甬莞高速",
        "ref": "G1523",
        "highway": "motorway"
      },
      "geometry": {
        "type": "LineString",
        "coordinates": [
          [
            118.6909239,
            25.4518888
          ],
          [
            118.6911502,
            25.4527184
          ],
          [
            118.6912373,
            25.4529268
          ],
          [
            118.6913982,
            25.4531908
          ]
        ]
      }
    },
    {
      "type": "Feature",
      "properties": {
        "name": "甬莞高速",
        "ref": "G1523",
        "highway": "motorway"
      },
      "geometry": {
        "type": "LineString",
        "coordinates": [
          [
            118.6908144,
            25.4519853
          ],
          [
            118.6907445,
            25.4517388
          ],
          [
            118.6904549,
            25.4508641
          ],
          [
            118.6903128,
            25.4499156
          ],
          [
            118.6903128,
            25.4490313
          ],
          [
            118.6903207,
            25.4473126
          ],
          [
            118.6901311,
            25.4457722
          ],
          [
            118.6898863,
            25.4448237
          ],
          [
            118.689365,
            25.4433546
          ],
          [
            118.6890175,
            25.4426842
          ],
          [
            118.6878802,
            25.4410153
          ],
          [
            118.6871615,
            25.4402237
          ],
          [
            118.6862217,
            25.4393037
          ],
          [
            118.6854556,
            25.4386832
          ],
          [
            118.6844605,
            25.4380484
          ],
          [
            118.6834733,
            25.437485
          ],
          [
            118.6817595,
            25.4367718
          ],
          [
            118.6805755,
            25.4362783
          ],
          [
            118.6794759,
            25.4356205
          ],
          [
            118.6786438,
            25.4350759
          ],
          [
            118.6778564,
            25.4344505
          ],
          [
            118.6769461,
            25.4334721
          ],
          [
            118.6763486,
            25.4327106
          ],
          [
            118.6756574,
            25.4317327
          ],
          [
            118.6744519,
            25.430013
          ],
          [
            118.6741947,
            25.429597
          ]
        ]
      }
    },
    {
      "type": "Feature",
      "properties": {
        "name": "甬莞高速",
        "ref": "G1523",
        "highway": "motorway"
      },
      "geometry": {
        "type": "LineString",
        "coordinates": [
          [
            118.6912831,
            25.4532822
          ],
          [
            118.691113,
            25.4530185
          ],
          [
            118.6910333,
            25.4528289
          ],
          [
            118.6909191,
            25.4524386
          ],
          [
            118.6908144,
            25.4519853
          ]
        ]
      }
    },
    {
      "type": "Feature",
      "properties": {
        "name": "甬莞高速",
        "ref": "G1523",
        "highway": "motorway"
      },
      "geometry": {
        "type": "LineString",
        "coordinates": [
          [
            118.6915495,
            25.4983715
          ],
          [
            118.690622,
            25.4931508
          ]
        ]
      }
    },
    {
      "type": "Feature",
      "properties": {
        "name": "甬莞高速",
        "ref": "G1523",
        "highway": "motorway"
      },
      "geometry": {
        "type": "LineString",
        "coordinates": [
          [
            118.6909537,
            25.4931957
          ],
          [
            118.6917137,
            25.4983287
          ]
        ]
      }
    },
    {
      "type": "Feature",
      "properties": {
        "name": "甬莞高速",
        "ref": "G1523",
        "highway": "motorway"
      },
      "geometry": {
        "type": "LineString",
        "coordinates": [
          [
            118.6949352,
            25.5134305
          ],
          [
            118.6948918,
            25.5131499
          ],
          [
            118.6948321,
            25.512774
          ],
          [
            118.6947954,
            25.512323
          ],
          [
            118.6947883,
            25.511643
          ],
          [
            118.6948159,
            25.5111471
          ],
          [
            118.6947935,
            25.5106609
          ],
          [
            118.6947397,
            25.5097128
          ],
          [
            118.6946885,
            25.5093812
          ],
          [
            118.6946374,
            25.5091174
          ],
          [
            118.6945065,
            25.508564
          ],
          [
            118.6942537,
            25.5077016
          ],
          [
            118.6941592,
            25.5073062
          ],
          [
            118.6939932,
            25.5068527
          ],
          [
            118.6935685,
            25.5057825
          ],
          [
            118.6932348,
            25.5049082
          ],
          [
            118.6929118,
            25.5042001
          ],
          [
            118.6927716,
            25.503802
          ],
          [
            118.6925903,
            25.5032018
          ],
          [
            118.6924132,
            25.502515
          ],
          [
            118.6921727,
            25.501622
          ],
          [
            118.6920187,
            25.5009001
          ],
          [
            118.6918669,
            25.5000189
          ],
          [
            118.6917042,
            25.4991939
          ],
          [
            118.6915495,
            25.4983715
          ]
        ]
      }
    },
    {
      "type": "Feature",
      "properties": {
        "name": "甬莞高速",
        "ref": "G1523",
        "highway": "motorway"
      },
      "geometry": {
        "type": "LineString",
        "coordinates": [
          [
            118.6917137,
            25.4983287
          ],
          [
            118.6921726,
            25.5009305
          ],
          [
            118.6925266,
            25.5024441
          ],
          [
            118.6927025,
            25.5031595
          ],
          [
            118.6930691,
            25.5042576
          ],
          [
            118.6932758,
            25.5046788
          ],
          [
            118.6941611,
            25.5068978
          ],
          [
            118.6945676,
            25.5082882
          ],
          [
            118.6947316,
            25.508915
          ],
          [
            118.6947958,
            25.5092106
          ],
          [
            118.6948313,
            25.5094482
          ],
          [
            118.6949094,
            25.5104915
          ],
          [
            118.6949413,
            25.5109863
          ],
          [
            118.6949221,
            25.5117613
          ],
          [
            118.6949179,
            25.5122989
          ],
          [
            118.6949602,
            25.5127139
          ],
          [
            118.6950224,
            25.5131122
          ],
          [
            118.695072,
            25.5134009
          ]
        ]
      }
    },
    {
      "type": "Feature",
      "properties": {
        "name": "甬莞高速",
        "ref": "G1523",
        "highway": "motorway"
      },
      "geometry": {
        "type": "LineString",
        "coordinates": [
          [
            118.695072,
            25.5134009
          ],
          [
            118.6952882,
            25.5143856
          ],
          [
            118.6954116,
            25.5148863
          ],
          [
            118.6955445,
            25.5151656
          ],
          [
            118.6956921,
            25.5154357
          ],
          [
            118.6958964,
            25.5156974
          ],
          [
            118.6962861,
            25.5161099
          ],
          [
            118.696649,
            25.5164284
          ],
          [
            118.6970818,
            25.5167209
          ],
          [
            118.6976612,
            25.5170654
          ],
          [
            118.698287,
            25.5174115
          ],
          [
            118.6991506,
            25.5178084
          ],
          [
            118.7000432,
            25.5182597
          ],
          [
            118.7008788,
            25.5186806
          ],
          [
            118.7012501,
            25.5188893
          ],
          [
            118.7014924,
            25.5190725
          ],
          [
            118.7017394,
            25.5193366
          ],
          [
            118.702443,
            25.5199716
          ],
          [
            118.7027636,
            25.5202576
          ],
          [
            118.7028932,
            25.5204027
          ],
          [
            118.7030583,
            25.5206968
          ],
          [
            118.7033401,
            25.5212772
          ]
        ]
      }
    },
    {
      "type": "Feature",
      "properties": {
        "name": "甬莞高速",
        "ref": "G1523",
        "highway": "motorway"
      },
      "geometry": {
        "type": "LineString",
        "coordinates": [
          [
            118.7032006,
            25.5213921
          ],
          [
            118.7027775,
            25.5206004
          ],
          [
            118.7025016,
            25.5202794
          ],
          [
            118.7020251,
            25.5198541
          ],
          [
            118.7014777,
            25.5193335
          ],
          [
            118.7010749,
            25.5190428
          ],
          [
            118.7001572,
            25.5185168
          ],
          [
            118.6992724,
            25.5180488
          ],
          [
            118.6982738,
            25.5176088
          ],
          [
            118.6972145,
            25.5170042
          ],
          [
            118.6967779,
            25.5167052
          ],
          [
            118.6963877,
            25.5164126
          ],
          [
            118.6961956,
            25.5162439
          ],
          [
            118.6959214,
            25.5159483
          ],
          [
            118.6956661,
            25.5156443
          ],
          [
            118.6955535,
            25.5155057
          ],
          [
            118.6954409,
            25.5153288
          ],
          [
            118.6953039,
            25.5149822
          ],
          [
            118.6952285,
            25.5147829
          ],
          [
            118.6951767,
            25.5144941
          ],
          [
            118.6949352,
            25.5134305
          ]
        ]
      }
    },
    {
      "type": "Feature",
      "properties": {
        "name": "甬莞高速",
        "ref": "G1523",
        "highway": "motorway"
      },
      "geometry": {
        "type": "LineString",
        "coordinates": [
          [
            118.690323,
            25.4837865
          ],
          [
            118.6902639,
            25.483971
          ],
          [
            118.690171,
            25.4842538
          ],
          [
            118.6900775,
            25.4846551
          ]
        ]
      }
    },
    {
      "type": "Feature",
      "properties": {
        "name": "甬莞高速",
        "ref": "G1523",
        "highway": "motorway"
      },
      "geometry": {
        "type": "LineString",
        "coordinates": [
          [
            118.6898358,
            25.4845908
          ],
          [
            118.6899832,
            25.4840768
          ],
          [
            118.6901014,
            25.4837251
          ]
        ]
      }
    },
    {
      "type": "Feature",
      "properties": {
        "name": "甬莞高速",
        "ref": "G1523",
        "highway": "motorway"
      },
      "geometry": {
        "type": "LineString",
        "coordinates": [
          [
            118.6901014,
            25.4837251
          ],
          [
            118.6904137,
            25.483093
          ]
        ]
      }
    },
    {
      "type": "Feature",
      "properties": {
        "name": "甬莞高速",
        "ref": "G1523",
        "highway": "motorway"
      },
      "geometry": {
        "type": "LineString",
        "coordinates": [
          [
            118.6906171,
            25.4831513
          ],
          [
            118.6905473,
            25.4832953
          ],
          [
            118.690323,
            25.4837865
          ]
        ]
      }
    },
    {
      "type": "Feature",
      "properties": {
        "name": "甬莞高速",
        "ref": "G1523",
        "highway": "motorway"
      },
      "geometry": {
        "type": "LineString",
        "coordinates": [
          [
            118.6904137,
            25.483093
          ],
          [
            118.6907286,
            25.4825515
          ],
          [
            118.6910377,
            25.482083
          ],
          [
            118.6914011,
            25.4816103
          ],
          [
            118.6916889,
            25.4812612
          ],
          [
            118.692005,
            25.4809632
          ],
          [
            118.692668,
            25.4803501
          ],
          [
            118.6937515,
            25.4794666
          ],
          [
            118.6943451,
            25.4789801
          ],
          [
            118.6949223,
            25.4784787
          ],
          [
            118.6958999,
            25.477644
          ],
          [
            118.6963533,
            25.477216
          ],
          [
            118.6967879,
            25.4767219
          ],
          [
            118.6975114,
            25.4757833
          ],
          [
            118.6979096,
            25.4752218
          ],
          [
            118.6983644,
            25.4745328
          ],
          [
            118.6986158,
            25.4740832
          ],
          [
            118.6987482,
            25.4737813
          ]
        ]
      }
    },
    {
      "type": "Feature",
      "properties": {
        "name": "甬莞高速",
        "ref": "G1523",
        "highway": "motorway"
      },
      "geometry": {
        "type": "LineString",
        "coordinates": [
          [
            118.6988628,
            25.4739459
          ],
          [
            118.6987574,
            25.4741777
          ],
          [
            118.6984724,
            25.4746534
          ],
          [
            118.6979616,
            25.4754055
          ],
          [
            118.697185,
            25.4764684
          ],
          [
            118.6969073,
            25.4767974
          ],
          [
            118.6966348,
            25.4771383
          ],
          [
            118.6962987,
            25.4774963
          ],
          [
            118.6950386,
            25.4785807
          ],
          [
            118.6942048,
            25.4792724
          ],
          [
            118.6934307,
            25.4799226
          ],
          [
            118.6926825,
            25.4805388
          ],
          [
            118.6922693,
            25.4809106
          ],
          [
            118.6918986,
            25.481291
          ],
          [
            118.6914555,
            25.4818074
          ],
          [
            118.6911667,
            25.4822359
          ],
          [
            118.6908567,
            25.4827219
          ],
          [
            118.6906171,
            25.4831513
          ]
        ]
      }
    },
    {
      "type": "Feature",
      "properties": {
        "name": "甬莞高速",
        "ref": "G1523",
        "highway": "motorway"
      },
      "geometry": {
        "type": "LineString",
        "coordinates": [
          [
            118.6991039,
            25.4733863
          ],
          [
            118.6989671,
            25.4737037
          ]
        ]
      }
    },
    {
      "type": "Feature",
      "properties": {
        "name": "甬莞高速",
        "ref": "G1523",
        "highway": "motorway"
      },
      "geometry": {
        "type": "LineString",
        "coordinates": [
          [
            118.6987482,
            25.4737813
          ],
          [
            118.6988027,
            25.4736572
          ]
        ]
      }
    },
    {
      "type": "Feature",
      "properties": {
        "name": "甬莞高速",
        "ref": "G1523",
        "highway": "motorway"
      },
      "geometry": {
        "type": "LineString",
        "coordinates": [
          [
            118.6988538,
            25.4735405
          ],
          [
            118.6989472,
            25.4733277
          ]
        ]
      }
    },
    {
      "type": "Feature",
      "properties": {
        "name": "甬莞高速",
        "ref": "G1523",
        "highway": "motorway"
      },
      "geometry": {
        "type": "LineString",
        "coordinates": [
          [
            118.6988027,
            25.4736572
          ],
          [
            118.6988538,
            25.4735405
          ]
        ]
      }
    },
    {
      "type": "Feature",
      "properties": {
        "name": "甬莞高速",
        "ref": "G1523",
        "highway": "motorway"
      },
      "geometry": {
        "type": "LineString",
        "coordinates": [
          [
            118.6989166,
            25.473821
          ],
          [
            118.6988628,
            25.4739459
          ]
        ]
      }
    },
    {
      "type": "Feature",
      "properties": {
        "name": "甬莞高速",
        "ref": "G1523",
        "highway": "motorway"
      },
      "geometry": {
        "type": "LineString",
        "coordinates": [
          [
            118.6989671,
            25.4737037
          ],
          [
            118.6989166,
            25.473821
          ]
        ]
      }
    },
    {
      "type": "Feature",
      "properties": {
        "name": "甬莞高速",
        "ref": "G1523",
        "highway": "motorway"
      },
      "geometry": {
        "type": "LineString",
        "coordinates": [
          [
            118.6989472,
            25.4733277
          ],
          [
            118.6990539,
            25.4730031
          ],
          [
            118.6992268,
            25.4724059
          ]
        ]
      }
    },
    {
      "type": "Feature",
      "properties": {
        "name": "甬莞高速",
        "ref": "G1523",
        "highway": "motorway"
      },
      "geometry": {
        "type": "LineString",
        "coordinates": [
          [
            118.6993978,
            25.4724676
          ],
          [
            118.6993308,
            25.4727585
          ],
          [
            118.6991039,
            25.4733863
          ]
        ]
      }
    },
    {
      "type": "Feature",
      "properties": {
        "name": "甬莞高速",
        "ref": "G1523",
        "highway": "motorway"
      },
      "geometry": {
        "type": "LineString",
        "coordinates": [
          [
            118.6993018,
            25.4719774
          ],
          [
            118.6993957,
            25.471468
          ],
          [
            118.6994538,
            25.4710764
          ]
        ]
      }
    },
    {
      "type": "Feature",
      "properties": {
        "name": "甬莞高速",
        "ref": "G1523",
        "highway": "motorway"
      },
      "geometry": {
        "type": "LineString",
        "coordinates": [
          [
            118.6996495,
            25.4709741
          ],
          [
            118.6995915,
            25.4714798
          ],
          [
            118.6995171,
            25.4719344
          ]
        ]
      }
    },
    {
      "type": "Feature",
      "properties": {
        "name": "甬莞高速",
        "ref": "G1523",
        "highway": "motorway"
      },
      "geometry": {
        "type": "LineString",
        "coordinates": [
          [
            118.6994647,
            25.4721766
          ],
          [
            118.6993978,
            25.4724676
          ]
        ]
      }
    },
    {
      "type": "Feature",
      "properties": {
        "name": "甬莞高速",
        "ref": "G1523",
        "highway": "motorway"
      },
      "geometry": {
        "type": "LineString",
        "coordinates": [
          [
            118.6995171,
            25.4719344
          ],
          [
            118.6994647,
            25.4721766
          ]
        ]
      }
    },
    {
      "type": "Feature",
      "properties": {
        "name": "甬莞高速",
        "ref": "G1523",
        "highway": "motorway"
      },
      "geometry": {
        "type": "LineString",
        "coordinates": [
          [
            118.6992413,
            25.472323
          ],
          [
            118.6993018,
            25.4719774
          ]
        ]
      }
    },
    {
      "type": "Feature",
      "properties": {
        "name": "甬莞高速",
        "ref": "G1523",
        "highway": "motorway"
      },
      "geometry": {
        "type": "LineString",
        "coordinates": [
          [
            118.6992268,
            25.4724059
          ],
          [
            118.6992413,
            25.472323
          ]
        ]
      }
    },
    {
      "type": "Feature",
      "properties": {
        "name": "甬莞高速",
        "ref": "G1523",
        "highway": "motorway"
      },
      "geometry": {
        "type": "LineString",
        "coordinates": [
          [
            118.6995039,
            25.4701085
          ],
          [
            118.699504,
            25.4696361
          ],
          [
            118.6994794,
            25.4693736
          ]
        ]
      }
    },
    {
      "type": "Feature",
      "properties": {
        "name": "甬莞高速",
        "ref": "G1523",
        "highway": "motorway"
      },
      "geometry": {
        "type": "LineString",
        "coordinates": [
          [
            118.6994997,
            25.4704342
          ],
          [
            118.6995039,
            25.4701085
          ]
        ]
      }
    },
    {
      "type": "Feature",
      "properties": {
        "name": "甬莞高速",
        "ref": "G1523",
        "highway": "motorway"
      },
      "geometry": {
        "type": "LineString",
        "coordinates": [
          [
            118.6996675,
            25.4693435
          ],
          [
            118.6996943,
            25.4699837
          ]
        ]
      }
    },
    {
      "type": "Feature",
      "properties": {
        "name": "甬莞高速",
        "ref": "G1523",
        "highway": "motorway"
      },
      "geometry": {
        "type": "LineString",
        "coordinates": [
          [
            118.6996943,
            25.4699837
          ],
          [
            118.6996918,
            25.470317
          ]
        ]
      }
    },
    {
      "type": "Feature",
      "properties": {
        "name": "甬莞高速",
        "ref": "G1523",
        "highway": "motorway"
      },
      "geometry": {
        "type": "LineString",
        "coordinates": [
          [
            118.6994916,
            25.470627
          ],
          [
            118.6994991,
            25.4705376
          ],
          [
            118.6994997,
            25.4704342
          ]
        ]
      }
    },
    {
      "type": "Feature",
      "properties": {
        "name": "甬莞高速",
        "ref": "G1523",
        "highway": "motorway"
      },
      "geometry": {
        "type": "LineString",
        "coordinates": [
          [
            118.6994538,
            25.4710764
          ],
          [
            118.6994916,
            25.470627
          ]
        ]
      }
    },
    {
      "type": "Feature",
      "properties": {
        "name": "甬莞高速",
        "ref": "G1523",
        "highway": "motorway"
      },
      "geometry": {
        "type": "LineString",
        "coordinates": [
          [
            118.6996785,
            25.4705242
          ],
          [
            118.6996495,
            25.4709741
          ]
        ]
      }
    },
    {
      "type": "Feature",
      "properties": {
        "name": "甬莞高速",
        "ref": "G1523",
        "highway": "motorway"
      },
      "geometry": {
        "type": "LineString",
        "coordinates": [
          [
            118.6996918,
            25.470317
          ],
          [
            118.6996785,
            25.4705242
          ]
        ]
      }
    },
    {
      "type": "Feature",
      "properties": {
        "name": "甬莞高速",
        "ref": "G1523",
        "highway": "motorway"
      },
      "geometry": {
        "type": "LineString",
        "coordinates": [
          [
            118.6995291,
            25.4686506
          ],
          [
            118.6995875,
            25.4688629
          ],
          [
            118.6996271,
            25.4690964
          ],
          [
            118.6996675,
            25.4693435
          ]
        ]
      }
    },
    {
      "type": "Feature",
      "properties": {
        "name": "甬莞高速",
        "ref": "G1523",
        "highway": "motorway"
      },
      "geometry": {
        "type": "LineString",
        "coordinates": [
          [
            118.6994794,
            25.4693736
          ],
          [
            118.6994663,
            25.469233
          ],
          [
            118.6994294,
            25.4689135
          ],
          [
            118.6993709,
            25.4686622
          ]
        ]
      }
    },
    {
      "type": "Feature",
      "properties": {
        "name": "甬莞高速",
        "ref": "G1523",
        "highway": "motorway"
      },
      "geometry": {
        "type": "LineString",
        "coordinates": [
          [
            118.6987081,
            25.4672743
          ],
          [
            118.6986972,
            25.4672499
          ],
          [
            118.6986667,
            25.4671267
          ],
          [
            118.6986503,
            25.4669481
          ],
          [
            118.6985939,
            25.4667699
          ],
          [
            118.6984952,
            25.4665796
          ],
          [
            118.697977,
            25.466035
          ],
          [
            118.6978622,
            25.4658715
          ]
        ]
      }
    },
    {
      "type": "Feature",
      "properties": {
        "name": "甬莞高速",
        "ref": "G1523",
        "highway": "motorway"
      },
      "geometry": {
        "type": "LineString",
        "coordinates": [
          [
            118.6978822,
            25.4656635
          ],
          [
            118.6981205,
            25.465913
          ],
          [
            118.6985128,
            25.4662859
          ],
          [
            118.6986645,
            25.4664842
          ],
          [
            118.6987739,
            25.4666907
          ],
          [
            118.6988195,
            25.4669101
          ],
          [
            118.6989061,
            25.4672763
          ]
        ]
      }
    },
    {
      "type": "Feature",
      "properties": {
        "name": "甬莞高速",
        "ref": "G1523",
        "highway": "motorway"
      },
      "geometry": {
        "type": "LineString",
        "coordinates": [
          [
            118.6973727,
            25.4651744
          ],
          [
            118.6973409,
            25.4651291
          ],
          [
            118.6969559,
            25.4646823
          ]
        ]
      }
    },
    {
      "type": "Feature",
      "properties": {
        "name": "甬莞高速",
        "ref": "G1523",
        "highway": "motorway"
      },
      "geometry": {
        "type": "LineString",
        "coordinates": [
          [
            118.6974537,
            25.4652898
          ],
          [
            118.6973727,
            25.4651744
          ]
        ]
      }
    },
    {
      "type": "Feature",
      "properties": {
        "name": "甬莞高速",
        "ref": "G1523",
        "highway": "motorway"
      },
      "geometry": {
        "type": "LineString",
        "coordinates": [
          [
            118.6970455,
            25.4645695
          ],
          [
            118.6972584,
            25.4648023
          ],
          [
            118.6974175,
            25.465001
          ]
        ]
      }
    },
    {
      "type": "Feature",
      "properties": {
        "name": "甬莞高速",
        "ref": "G1523",
        "highway": "motorway"
      },
      "geometry": {
        "type": "LineString",
        "coordinates": [
          [
            118.6974175,
            25.465001
          ],
          [
            118.6975026,
            25.4651072
          ]
        ]
      }
    },
    {
      "type": "Feature",
      "properties": {
        "name": "甬莞高速",
        "ref": "G1523",
        "highway": "motorway"
      },
      "geometry": {
        "type": "LineString",
        "coordinates": [
          [
            118.6975952,
            25.4654912
          ],
          [
            118.6974537,
            25.4652898
          ]
        ]
      }
    },
    {
      "type": "Feature",
      "properties": {
        "name": "甬莞高速",
        "ref": "G1523",
        "highway": "motorway"
      },
      "geometry": {
        "type": "LineString",
        "coordinates": [
          [
            118.6978622,
            25.4658715
          ],
          [
            118.6975952,
            25.4654912
          ]
        ]
      }
    },
    {
      "type": "Feature",
      "properties": {
        "name": "甬莞高速",
        "ref": "G1523",
        "highway": "motorway"
      },
      "geometry": {
        "type": "LineString",
        "coordinates": [
          [
            118.6976839,
            25.465356
          ],
          [
            118.6978822,
            25.4656635
          ]
        ]
      }
    },
    {
      "type": "Feature",
      "properties": {
        "name": "甬莞高速",
        "ref": "G1523",
        "highway": "motorway"
      },
      "geometry": {
        "type": "LineString",
        "coordinates": [
          [
            118.6975026,
            25.4651072
          ],
          [
            118.6976093,
            25.4652404
          ],
          [
            118.6976839,
            25.465356
          ]
        ]
      }
    },
    {
      "type": "Feature",
      "properties": {
        "name": "甬莞高速",
        "ref": "G1523",
        "highway": "motorway"
      },
      "geometry": {
        "type": "LineString",
        "coordinates": [
          [
            118.6993709,
            25.4686622
          ],
          [
            118.6993171,
            25.4685259
          ],
          [
            118.699164,
            25.4682259
          ]
        ]
      }
    },
    {
      "type": "Feature",
      "properties": {
        "name": "甬莞高速",
        "ref": "G1523",
        "highway": "motorway"
      },
      "geometry": {
        "type": "LineString",
        "coordinates": [
          [
            118.6988868,
            25.4676763
          ],
          [
            118.6987081,
            25.4672743
          ]
        ]
      }
    },
    {
      "type": "Feature",
      "properties": {
        "name": "甬莞高速",
        "ref": "G1523",
        "highway": "motorway"
      },
      "geometry": {
        "type": "LineString",
        "coordinates": [
          [
            118.6990828,
            25.4676535
          ],
          [
            118.6992872,
            25.4680899
          ],
          [
            118.6992965,
            25.4681115
          ]
        ]
      }
    },
    {
      "type": "Feature",
      "properties": {
        "name": "甬莞高速",
        "ref": "G1523",
        "highway": "motorway"
      },
      "geometry": {
        "type": "LineString",
        "coordinates": [
          [
            118.6989061,
            25.4672763
          ],
          [
            118.6990828,
            25.4676535
          ]
        ]
      }
    },
    {
      "type": "Feature",
      "properties": {
        "name": "甬莞高速",
        "ref": "G1523",
        "highway": "motorway"
      },
      "geometry": {
        "type": "LineString",
        "coordinates": [
          [
            118.6991078,
            25.4681158
          ],
          [
            118.6990807,
            25.4680627
          ],
          [
            118.6988868,
            25.4676763
          ]
        ]
      }
    },
    {
      "type": "Feature",
      "properties": {
        "name": "甬莞高速",
        "ref": "G1523",
        "highway": "motorway"
      },
      "geometry": {
        "type": "LineString",
        "coordinates": [
          [
            118.699164,
            25.4682259
          ],
          [
            118.6991078,
            25.4681158
          ]
        ]
      }
    },
    {
      "type": "Feature",
      "properties": {
        "name": "甬莞高速",
        "ref": "G1523",
        "highway": "motorway"
      },
      "geometry": {
        "type": "LineString",
        "coordinates": [
          [
            118.6993403,
            25.468213
          ],
          [
            118.6995291,
            25.4686506
          ]
        ]
      }
    },
    {
      "type": "Feature",
      "properties": {
        "name": "甬莞高速",
        "ref": "G1523",
        "highway": "motorway"
      },
      "geometry": {
        "type": "LineString",
        "coordinates": [
          [
            118.6992965,
            25.4681115
          ],
          [
            118.6993403,
            25.468213
          ]
        ]
      }
    },
    {
      "type": "Feature",
      "properties": {
        "name": "甬莞高速",
        "ref": "G1523",
        "highway": "motorway"
      },
      "geometry": {
        "type": "LineString",
        "coordinates": [
          [
            118.6969559,
            25.4646823
          ],
          [
            118.6964977,
            25.464145
          ],
          [
            118.6961848,
            25.4637901
          ],
          [
            118.6957925,
            25.4634658
          ],
          [
            118.6954274,
            25.4631855
          ]
        ]
      }
    },
    {
      "type": "Feature",
      "properties": {
        "name": "甬莞高速",
        "ref": "G1523",
        "highway": "motorway"
      },
      "geometry": {
        "type": "LineString",
        "coordinates": [
          [
            118.6956125,
            25.4631654
          ],
          [
            118.6960346,
            25.4635117
          ],
          [
            118.6963209,
            25.4637363
          ],
          [
            118.6966289,
            25.4640734
          ],
          [
            118.6970455,
            25.4645695
          ]
        ]
      }
    },
    {
      "type": "Feature",
      "properties": {
        "name": "甬莞高速",
        "ref": "G1523",
        "highway": "motorway"
      },
      "geometry": {
        "type": "LineString",
        "coordinates": [
          [
            118.6942196,
            25.4609303
          ],
          [
            118.6942682,
            25.4612045
          ],
          [
            118.6943979,
            25.4615326
          ],
          [
            118.6945915,
            25.4619504
          ],
          [
            118.6946068,
            25.4619847
          ]
        ]
      }
    },
    {
      "type": "Feature",
      "properties": {
        "name": "甬莞高速",
        "ref": "G1523",
        "highway": "motorway"
      },
      "geometry": {
        "type": "LineString",
        "coordinates": [
          [
            118.6954274,
            25.4631855
          ],
          [
            118.6950903,
            25.462892
          ],
          [
            118.6949257,
            25.462732
          ],
          [
            118.6947815,
            25.4625819
          ],
          [
            118.6946988,
            25.4624763
          ],
          [
            118.6945456,
            25.4622436
          ],
          [
            118.6944047,
            25.4619627
          ],
          [
            118.6942027,
            25.4614921
          ],
          [
            118.6941044,
            25.4611199
          ],
          [
            118.6940725,
            25.4609667
          ]
        ]
      }
    },
    {
      "type": "Feature",
      "properties": {
        "name": "甬莞高速",
        "ref": "G1523",
        "highway": "motorway"
      },
      "geometry": {
        "type": "LineString",
        "coordinates": [
          [
            118.6947263,
            25.4622536
          ],
          [
            118.6949186,
            25.4625012
          ],
          [
            118.6951647,
            25.462767
          ],
          [
            118.6953068,
            25.4628966
          ]
        ]
      }
    },
    {
      "type": "Feature",
      "properties": {
        "name": "甬莞高速",
        "ref": "G1523",
        "highway": "motorway"
      },
      "geometry": {
        "type": "LineString",
        "coordinates": [
          [
            118.6946068,
            25.4619847
          ],
          [
            118.6947263,
            25.4622536
          ]
        ]
      }
    },
    {
      "type": "Feature",
      "properties": {
        "name": "甬莞高速",
        "ref": "G1523",
        "highway": "motorway"
      },
      "geometry": {
        "type": "LineString",
        "coordinates": [
          [
            118.6954168,
            25.4629967
          ],
          [
            118.6955053,
            25.4630774
          ],
          [
            118.6956125,
            25.4631654
          ]
        ]
      }
    },
    {
      "type": "Feature",
      "properties": {
        "name": "甬莞高速",
        "ref": "G1523",
        "highway": "motorway"
      },
      "geometry": {
        "type": "LineString",
        "coordinates": [
          [
            118.6953068,
            25.4628966
          ],
          [
            118.6954168,
            25.4629967
          ]
        ]
      }
    },
    {
      "type": "Feature",
      "properties": {
        "name": "秀永高速",
        "ref": "S55",
        "highway": "motorway"
      },
      "geometry": {
        "type": "LineString",
        "coordinates": [
          [
            119.0388589,
            25.3510473
          ],
          [
            119.0387719,
            25.3511653
          ],
          [
            119.0383765,
            25.3518066
          ],
          [
            119.0374635,
            25.3532372
          ],
          [
            119.0357185,
            25.3560784
          ],
          [
            119.0351368,
            25.3570256
          ]
        ]
      }
    },
    {
      "type": "Feature",
      "properties": {
        "name": "秀永高速",
        "ref": "S55",
        "highway": "motorway"
      },
      "geometry": {
        "type": "LineString",
        "coordinates": [
          [
            119.0356282,
            25.3559569
          ],
          [
            119.037338,
            25.353173
          ],
          [
            119.0382516,
            25.3517416
          ],
          [
            119.0386159,
            25.3511688
          ],
          [
            119.0387324,
            25.350983
          ]
        ]
      }
    },
    {
      "type": "Feature",
      "properties": {
        "name": "沈海高速",
        "ref": "G15",
        "highway": "motorway"
      },
      "geometry": {
        "type": "LineString",
        "coordinates": [
          [
            119.0642774,
            25.3741865
          ],
          [
            119.0628212,
            25.3721431
          ]
        ]
      }
    },
    {
      "type": "Feature",
      "properties": {
        "name": "沈海高速",
        "ref": "G15",
        "highway": "motorway"
      },
      "geometry": {
        "type": "LineString",
        "coordinates": [
          [
            119.0628212,
            25.3721431
          ],
          [
            119.0625056,
            25.3717042
          ]
        ]
      }
    },
    {
      "type": "Feature",
      "properties": {
        "name": "沈海高速",
        "ref": "G15",
        "highway": "motorway"
      },
      "geometry": {
        "type": "LineString",
        "coordinates": [
          [
            119.0630717,
            25.3720539
          ],
          [
            119.0660609,
            25.3763826
          ]
        ]
      }
    },
    {
      "type": "Feature",
      "properties": {
        "name": "沈海高速",
        "ref": "G15",
        "highway": "motorway"
      },
      "geometry": {
        "type": "LineString",
        "coordinates": [
          [
            119.0627524,
            25.3716
          ],
          [
            119.0630717,
            25.3720539
          ]
        ]
      }
    },
    {
      "type": "Feature",
      "properties": {
        "name": "甬莞高速",
        "ref": "G1523",
        "highway": "motorway"
      },
      "geometry": {
        "type": "LineString",
        "coordinates": [
          [
            118.7053917,
            25.5615319
          ],
          [
            118.7055592,
            25.5625445
          ],
          [
            118.7061025,
            25.5640702
          ],
          [
            118.7062849,
            25.5645331
          ],
          [
            118.7064838,
            25.5649408
          ],
          [
            118.7068935,
            25.5655809
          ],
          [
            118.7071994,
            25.5659077
          ]
        ]
      }
    },
    {
      "type": "Feature",
      "properties": {
        "name": "甬莞高速",
        "ref": "G1523",
        "highway": "motorway"
      },
      "geometry": {
        "type": "LineString",
        "coordinates": [
          [
            118.7071994,
            25.5659077
          ],
          [
            118.707355,
            25.5660738
          ]
        ]
      }
    },
    {
      "type": "Feature",
      "properties": {
        "name": "甬莞高速",
        "ref": "G1523",
        "highway": "motorway"
      },
      "geometry": {
        "type": "LineString",
        "coordinates": [
          [
            118.7070208,
            25.5660188
          ],
          [
            118.7068086,
            25.565809
          ],
          [
            118.7065039,
            25.5653343
          ],
          [
            118.7062371,
            25.5648508
          ],
          [
            118.7056198,
            25.5633592
          ],
          [
            118.7051843,
            25.5621254
          ],
          [
            118.7050704,
            25.5615113
          ]
        ]
      }
    },
    {
      "type": "Feature",
      "properties": {
        "name": "甬莞高速",
        "ref": "G1523",
        "highway": "motorway"
      },
      "geometry": {
        "type": "LineString",
        "coordinates": [
          [
            118.7071852,
            25.5661813
          ],
          [
            118.7070208,
            25.5660188
          ]
        ]
      }
    },
    {
      "type": "Feature",
      "properties": {
        "name": "沈海高速",
        "ref": "G15",
        "highway": "motorway"
      },
      "geometry": {
        "type": "LineString",
        "coordinates": [
          [
            119.1976347,
            25.4771451
          ],
          [
            119.1984869,
            25.4778685
          ]
        ]
      }
    },
    {
      "type": "Feature",
      "properties": {
        "name": "沈海高速",
        "ref": "G15",
        "highway": "motorway"
      },
      "geometry": {
        "type": "LineString",
        "coordinates": [
          [
            119.1997165,
            25.4789976
          ],
          [
            119.1982783,
            25.47802
          ],
          [
            119.1975438,
            25.4774048
          ]
        ]
      }
    },
    {
      "type": "Feature",
      "properties": {
        "name": "沈海高速",
        "ref": "G15",
        "highway": "motorway"
      },
      "geometry": {
        "type": "LineString",
        "coordinates": [
          [
            119.1113413,
            25.4329696
          ],
          [
            119.1105598,
            25.4324207
          ],
          [
            119.1097784,
            25.4319485
          ],
          [
            119.1072992,
            25.4305004
          ],
          [
            119.1039307,
            25.4286924
          ],
          [
            119.1027382,
            25.4279653
          ],
          [
            119.1022467,
            25.4275842
          ],
          [
            119.1014523,
            25.4269682
          ],
          [
            119.1000849,
            25.4256602
          ],
          [
            119.0998108,
            25.425398
          ],
          [
            119.0985645,
            25.4239302
          ],
          [
            119.0982449,
            25.4234702
          ],
          [
            119.0974647,
            25.422336
          ]
        ]
      }
    },
    {
      "type": "Feature",
      "properties": {
        "name": "沈海高速",
        "ref": "G15",
        "highway": "motorway"
      },
      "geometry": {
        "type": "LineString",
        "coordinates": [
          [
            119.1593806,
            25.4557446
          ],
          [
            119.1582983,
            25.4550033
          ],
          [
            119.1567717,
            25.4540033
          ],
          [
            119.1553517,
            25.4531648
          ],
          [
            119.1550291,
            25.4529743
          ]
        ]
      }
    },
    {
      "type": "Feature",
      "properties": {
        "name": "沈海高速",
        "ref": "G15",
        "highway": "motorway"
      },
      "geometry": {
        "type": "LineString",
        "coordinates": [
          [
            119.1526667,
            25.4515317
          ],
          [
            119.1533237,
            25.4518857
          ],
          [
            119.1551567,
            25.4528733
          ],
          [
            119.1556415,
            25.4531679
          ],
          [
            119.1575733,
            25.4543417
          ],
          [
            119.1583002,
            25.4548395
          ],
          [
            119.159489,
            25.4556536
          ]
        ]
      }
    },
    {
      "type": "Feature",
      "properties": {
        "name": "沈海高速",
        "ref": "G15",
        "highway": "motorway"
      },
      "geometry": {
        "type": "LineString",
        "coordinates": [
          [
            119.1862097,
            25.4691903
          ],
          [
            119.1855017,
            25.468905
          ],
          [
            119.1833615,
            25.4681902
          ]
        ]
      }
    },
    {
      "type": "Feature",
      "properties": {
        "name": "沈海高速",
        "ref": "G15",
        "highway": "motorway"
      },
      "geometry": {
        "type": "LineString",
        "coordinates": [
          [
            119.1863198,
            25.4692377
          ],
          [
            119.1862097,
            25.4691903
          ]
        ]
      }
    },
    {
      "type": "Feature",
      "properties": {
        "name": "沈海高速",
        "ref": "G15",
        "highway": "motorway"
      },
      "geometry": {
        "type": "LineString",
        "coordinates": [
          [
            119.1833347,
            25.4680343
          ],
          [
            119.1842353,
            25.468318
          ],
          [
            119.1855714,
            25.4687632
          ],
          [
            119.186211,
            25.4690327
          ]
        ]
      }
    },
    {
      "type": "Feature",
      "properties": {
        "name": "沈海高速",
        "ref": "G15",
        "highway": "motorway"
      },
      "geometry": {
        "type": "LineString",
        "coordinates": [
          [
            119.186211,
            25.4690327
          ],
          [
            119.1863553,
            25.4690958
          ]
        ]
      }
    }
  ]
}